gs_name	gene
Inflammation signature (top100)	23780
Inflammation signature (top100)	80833
Inflammation signature (top100)	257106
Inflammation signature (top100)	10095
Inflammation signature (top100)	128346
Inflammation signature (top100)	715
Inflammation signature (top100)	1234
Inflammation signature (top100)	1236
Inflammation signature (top100)	914
Inflammation signature (top100)	962
Inflammation signature (top100)	963
Inflammation signature (top100)	972
Inflammation signature (top100)	994
Inflammation signature (top100)	4261
Inflammation signature (top100)	64581
Inflammation signature (top100)	11151
Inflammation signature (top100)	1439
Inflammation signature (top100)	8530
Inflammation signature (top100)	2919
Inflammation signature (top100)	3627
Inflammation signature (top100)	27128
Inflammation signature (top100)	1794
Inflammation signature (top100)	9046
Inflammation signature (top100)	151636
Inflammation signature (top100)	2124
Inflammation signature (top100)	2207
Inflammation signature (top100)	2219
Inflammation signature (top100)	83706
Inflammation signature (top100)	2268
Inflammation signature (top100)	2359
Inflammation signature (top100)	2633
Inflammation signature (top100)	2634
Inflammation signature (top100)	115362
Inflammation signature (top100)	2769
Inflammation signature (top100)	8477
Inflammation signature (top100)	3002
Inflammation signature (top100)	145864
Inflammation signature (top100)	3055
Inflammation signature (top100)	3059
Inflammation signature (top100)	3383
Inflammation signature (top100)	29851
Inflammation signature (top100)	3428
Inflammation signature (top100)	10410
Inflammation signature (top100)	10261
Inflammation signature (top100)	10320
Inflammation signature (top100)	22806
Inflammation signature (top100)	3587
Inflammation signature (top100)	259307
Inflammation signature (top100)	3575
Inflammation signature (top100)	3659
Inflammation signature (top100)	3669
Inflammation signature (top100)	3687
Inflammation signature (top100)	3689
Inflammation signature (top100)	3718
Inflammation signature (top100)	120425
Inflammation signature (top100)	89857
Inflammation signature (top100)	27074
Inflammation signature (top100)	7805
Inflammation signature (top100)	3932
Inflammation signature (top100)	3936
Inflammation signature (top100)	3937
Inflammation signature (top100)	11006
Inflammation signature (top100)	4067
Inflammation signature (top100)	4069
Inflammation signature (top100)	4542
Inflammation signature (top100)	64005
Inflammation signature (top100)	4688
Inflammation signature (top100)	3071
Inflammation signature (top100)	64127
Inflammation signature (top100)	4939
Inflammation signature (top100)	9180
Inflammation signature (top100)	54625
Inflammation signature (top100)	83666
Inflammation signature (top100)	64098
Inflammation signature (top100)	10630
Inflammation signature (top100)	23533
Inflammation signature (top100)	5341
Inflammation signature (top100)	5724
Inflammation signature (top100)	5788
Inflammation signature (top100)	11031
Inflammation signature (top100)	25939
Inflammation signature (top100)	64092
Inflammation signature (top100)	6402
Inflammation signature (top100)	6404
Inflammation signature (top100)	6503
Inflammation signature (top100)	6504
Inflammation signature (top100)	57823
Inflammation signature (top100)	56833
Inflammation signature (top100)	124460
Inflammation signature (top100)	3431
Inflammation signature (top100)	117289
Inflammation signature (top100)	9473
Inflammation signature (top100)	7076
Inflammation signature (top100)	7097
Inflammation signature (top100)	7133
Inflammation signature (top100)	10673
Inflammation signature (top100)	10346
Inflammation signature (top100)	1890
Inflammation signature (top100)	7409
Inflammation signature (top100)	57705
MSigDB hallmark inflammatory response	19
MSigDB hallmark inflammatory response	10006
MSigDB hallmark inflammatory response	91
MSigDB hallmark inflammatory response	92
MSigDB hallmark inflammatory response	2015
MSigDB hallmark inflammatory response	133
MSigDB hallmark inflammatory response	136
MSigDB hallmark inflammatory response	11047
MSigDB hallmark inflammatory response	196
MSigDB hallmark inflammatory response	187
MSigDB hallmark inflammatory response	366
MSigDB hallmark inflammatory response	488
MSigDB hallmark inflammatory response	490
MSigDB hallmark inflammatory response	27032
MSigDB hallmark inflammatory response	558
MSigDB hallmark inflammatory response	623
MSigDB hallmark inflammatory response	7439
MSigDB hallmark inflammatory response	684
MSigDB hallmark inflammatory response	7832
MSigDB hallmark inflammatory response	719
MSigDB hallmark inflammatory response	728
MSigDB hallmark inflammatory response	10203
MSigDB hallmark inflammatory response	6361
MSigDB hallmark inflammatory response	6347
MSigDB hallmark inflammatory response	6364
MSigDB hallmark inflammatory response	6367
MSigDB hallmark inflammatory response	6369
MSigDB hallmark inflammatory response	6352
MSigDB hallmark inflammatory response	6352
MSigDB hallmark inflammatory response	6354
MSigDB hallmark inflammatory response	1236
MSigDB hallmark inflammatory response	9034
MSigDB hallmark inflammatory response	929
MSigDB hallmark inflammatory response	958
MSigDB hallmark inflammatory response	962
MSigDB hallmark inflammatory response	1604
MSigDB hallmark inflammatory response	969
MSigDB hallmark inflammatory response	970
MSigDB hallmark inflammatory response	3732
MSigDB hallmark inflammatory response	1026
MSigDB hallmark inflammatory response	9435
MSigDB hallmark inflammatory response	23601
MSigDB hallmark inflammatory response	1240
MSigDB hallmark inflammatory response	1435
MSigDB hallmark inflammatory response	1440
MSigDB hallmark inflammatory response	1441
MSigDB hallmark inflammatory response	6376
MSigDB hallmark inflammatory response	3627
MSigDB hallmark inflammatory response	6373
MSigDB hallmark inflammatory response	6372
MSigDB hallmark inflammatory response	3576
MSigDB hallmark inflammatory response	4283
MSigDB hallmark inflammatory response	10663
MSigDB hallmark inflammatory response	1536
MSigDB hallmark inflammatory response	131566
MSigDB hallmark inflammatory response	10148
MSigDB hallmark inflammatory response	1906
MSigDB hallmark inflammatory response	5610
MSigDB hallmark inflammatory response	2014
MSigDB hallmark inflammatory response	2069
MSigDB hallmark inflammatory response	2152
MSigDB hallmark inflammatory response	2867
MSigDB hallmark inflammatory response	2357
MSigDB hallmark inflammatory response	7855
MSigDB hallmark inflammatory response	2550
MSigDB hallmark inflammatory response	2550
MSigDB hallmark inflammatory response	2550
MSigDB hallmark inflammatory response	2550
MSigDB hallmark inflammatory response	2550
MSigDB hallmark inflammatory response	2550
MSigDB hallmark inflammatory response	2550
MSigDB hallmark inflammatory response	2643
MSigDB hallmark inflammatory response	2769
MSigDB hallmark inflammatory response	2773
MSigDB hallmark inflammatory response	2811
MSigDB hallmark inflammatory response	2719
MSigDB hallmark inflammatory response	29933
MSigDB hallmark inflammatory response	1880
MSigDB hallmark inflammatory response	3037
MSigDB hallmark inflammatory response	1839
MSigDB hallmark inflammatory response	3091
MSigDB hallmark inflammatory response	3249
MSigDB hallmark inflammatory response	3269
MSigDB hallmark inflammatory response	3383
MSigDB hallmark inflammatory response	3386
MSigDB hallmark inflammatory response	23308
MSigDB hallmark inflammatory response	8519
MSigDB hallmark inflammatory response	3454
MSigDB hallmark inflammatory response	3460
MSigDB hallmark inflammatory response	3460
MSigDB hallmark inflammatory response	3586
MSigDB hallmark inflammatory response	3587
MSigDB hallmark inflammatory response	3593
MSigDB hallmark inflammatory response	3600
MSigDB hallmark inflammatory response	3601
MSigDB hallmark inflammatory response	3606
MSigDB hallmark inflammatory response	8809
MSigDB hallmark inflammatory response	8807
MSigDB hallmark inflammatory response	3552
MSigDB hallmark inflammatory response	3553
MSigDB hallmark inflammatory response	3554
MSigDB hallmark inflammatory response	3560
MSigDB hallmark inflammatory response	3566
MSigDB hallmark inflammatory response	3569
MSigDB hallmark inflammatory response	3575
MSigDB hallmark inflammatory response	3624
MSigDB hallmark inflammatory response	3656
MSigDB hallmark inflammatory response	3659
MSigDB hallmark inflammatory response	3665
MSigDB hallmark inflammatory response	3665
MSigDB hallmark inflammatory response	3678
MSigDB hallmark inflammatory response	3690
MSigDB hallmark inflammatory response	3696
MSigDB hallmark inflammatory response	3738
MSigDB hallmark inflammatory response	3759
MSigDB hallmark inflammatory response	10242
MSigDB hallmark inflammatory response	23095
MSigDB hallmark inflammatory response	1316
MSigDB hallmark inflammatory response	27074
MSigDB hallmark inflammatory response	3932
MSigDB hallmark inflammatory response	3937
MSigDB hallmark inflammatory response	3949
MSigDB hallmark inflammatory response	3976
MSigDB hallmark inflammatory response	1902
MSigDB hallmark inflammatory response	4049
MSigDB hallmark inflammatory response	4049
MSigDB hallmark inflammatory response	4049
MSigDB hallmark inflammatory response	4049
MSigDB hallmark inflammatory response	4049
MSigDB hallmark inflammatory response	4049
MSigDB hallmark inflammatory response	4049
MSigDB hallmark inflammatory response	4061
MSigDB hallmark inflammatory response	4061
MSigDB hallmark inflammatory response	4067
MSigDB hallmark inflammatory response	8685
MSigDB hallmark inflammatory response	4210
MSigDB hallmark inflammatory response	4224
MSigDB hallmark inflammatory response	4233
MSigDB hallmark inflammatory response	4323
MSigDB hallmark inflammatory response	4481
MSigDB hallmark inflammatory response	4084
MSigDB hallmark inflammatory response	4609
MSigDB hallmark inflammatory response	10135
MSigDB hallmark inflammatory response	4693
MSigDB hallmark inflammatory response	4790
MSigDB hallmark inflammatory response	4792
MSigDB hallmark inflammatory response	114548
MSigDB hallmark inflammatory response	9111
MSigDB hallmark inflammatory response	10316
MSigDB hallmark inflammatory response	64127
MSigDB hallmark inflammatory response	10886
MSigDB hallmark inflammatory response	4973
MSigDB hallmark inflammatory response	4986
MSigDB hallmark inflammatory response	5008
MSigDB hallmark inflammatory response	9180
MSigDB hallmark inflammatory response	5025
MSigDB hallmark inflammatory response	5027
MSigDB hallmark inflammatory response	5029
MSigDB hallmark inflammatory response	5099
MSigDB hallmark inflammatory response	5142
MSigDB hallmark inflammatory response	10630
MSigDB hallmark inflammatory response	23533
MSigDB hallmark inflammatory response	5329
MSigDB hallmark inflammatory response	60675
MSigDB hallmark inflammatory response	5663
MSigDB hallmark inflammatory response	5724
MSigDB hallmark inflammatory response	5732
MSigDB hallmark inflammatory response	5734
MSigDB hallmark inflammatory response	5739
MSigDB hallmark inflammatory response	5791
MSigDB hallmark inflammatory response	5817
MSigDB hallmark inflammatory response	5894
MSigDB hallmark inflammatory response	10125
MSigDB hallmark inflammatory response	5970
MSigDB hallmark inflammatory response	5996
MSigDB hallmark inflammatory response	6004
MSigDB hallmark inflammatory response	391
MSigDB hallmark inflammatory response	8767
MSigDB hallmark inflammatory response	255488
MSigDB hallmark inflammatory response	6098
MSigDB hallmark inflammatory response	64108
MSigDB hallmark inflammatory response	8578
MSigDB hallmark inflammatory response	8578
MSigDB hallmark inflammatory response	6324
MSigDB hallmark inflammatory response	6401
MSigDB hallmark inflammatory response	55829
MSigDB hallmark inflammatory response	6402
MSigDB hallmark inflammatory response	10507
MSigDB hallmark inflammatory response	5054
MSigDB hallmark inflammatory response	166929
MSigDB hallmark inflammatory response	6504
MSigDB hallmark inflammatory response	4891
MSigDB hallmark inflammatory response	6506
MSigDB hallmark inflammatory response	9153
MSigDB hallmark inflammatory response	1317
MSigDB hallmark inflammatory response	1318
MSigDB hallmark inflammatory response	8671
MSigDB hallmark inflammatory response	6541
MSigDB hallmark inflammatory response	6542
MSigDB hallmark inflammatory response	8877
MSigDB hallmark inflammatory response	6717
MSigDB hallmark inflammatory response	23166
MSigDB hallmark inflammatory response	6869
MSigDB hallmark inflammatory response	6870
MSigDB hallmark inflammatory response	6892
MSigDB hallmark inflammatory response	6892
MSigDB hallmark inflammatory response	6892
MSigDB hallmark inflammatory response	6892
MSigDB hallmark inflammatory response	6892
MSigDB hallmark inflammatory response	7076
MSigDB hallmark inflammatory response	7096
MSigDB hallmark inflammatory response	7097
MSigDB hallmark inflammatory response	7098
MSigDB hallmark inflammatory response	7130
MSigDB hallmark inflammatory response	7133
MSigDB hallmark inflammatory response	3604
MSigDB hallmark inflammatory response	8743
MSigDB hallmark inflammatory response	9966
MSigDB hallmark inflammatory response	8744
MSigDB hallmark inflammatory response	7162
MSigDB hallmark inflammatory response	7162
MSigDB hallmark inflammatory response	7432
GOBP_ACUTE_INFLAMMATORY_RESPONSE	2
GOBP_ACUTE_INFLAMMATORY_RESPONSE	90
GOBP_ACUTE_INFLAMMATORY_RESPONSE	101
GOBP_ACUTE_INFLAMMATORY_RESPONSE	134
GOBP_ACUTE_INFLAMMATORY_RESPONSE	150
GOBP_ACUTE_INFLAMMATORY_RESPONSE	197
GOBP_ACUTE_INFLAMMATORY_RESPONSE	241
GOBP_ACUTE_INFLAMMATORY_RESPONSE	196527
GOBP_ACUTE_INFLAMMATORY_RESPONSE	325
GOBP_ACUTE_INFLAMMATORY_RESPONSE	336
GOBP_ACUTE_INFLAMMATORY_RESPONSE	23780
GOBP_ACUTE_INFLAMMATORY_RESPONSE	55870
GOBP_ACUTE_INFLAMMATORY_RESPONSE	445
GOBP_ACUTE_INFLAMMATORY_RESPONSE	2683
GOBP_ACUTE_INFLAMMATORY_RESPONSE	695
GOBP_ACUTE_INFLAMMATORY_RESPONSE	145741
GOBP_ACUTE_INFLAMMATORY_RESPONSE	388125
GOBP_ACUTE_INFLAMMATORY_RESPONSE	718
GOBP_ACUTE_INFLAMMATORY_RESPONSE	1236
GOBP_ACUTE_INFLAMMATORY_RESPONSE	9332
GOBP_ACUTE_INFLAMMATORY_RESPONSE	923
GOBP_ACUTE_INFLAMMATORY_RESPONSE	1051
GOBP_ACUTE_INFLAMMATORY_RESPONSE	1268
GOBP_ACUTE_INFLAMMATORY_RESPONSE	84699
GOBP_ACUTE_INFLAMMATORY_RESPONSE	1401
GOBP_ACUTE_INFLAMMATORY_RESPONSE	56998
GOBP_ACUTE_INFLAMMATORY_RESPONSE	1773
GOBP_ACUTE_INFLAMMATORY_RESPONSE	1776
GOBP_ACUTE_INFLAMMATORY_RESPONSE	1910
GOBP_ACUTE_INFLAMMATORY_RESPONSE	27102
GOBP_ACUTE_INFLAMMATORY_RESPONSE	1991
GOBP_ACUTE_INFLAMMATORY_RESPONSE	1991
GOBP_ACUTE_INFLAMMATORY_RESPONSE	2056
GOBP_ACUTE_INFLAMMATORY_RESPONSE	2131
GOBP_ACUTE_INFLAMMATORY_RESPONSE	2161
GOBP_ACUTE_INFLAMMATORY_RESPONSE	2147
GOBP_ACUTE_INFLAMMATORY_RESPONSE	2152
GOBP_ACUTE_INFLAMMATORY_RESPONSE	2157
GOBP_ACUTE_INFLAMMATORY_RESPONSE	2209
GOBP_ACUTE_INFLAMMATORY_RESPONSE	2213
GOBP_ACUTE_INFLAMMATORY_RESPONSE	2214
GOBP_ACUTE_INFLAMMATORY_RESPONSE	2867
GOBP_ACUTE_INFLAMMATORY_RESPONSE	2865
GOBP_ACUTE_INFLAMMATORY_RESPONSE	2335
GOBP_ACUTE_INFLAMMATORY_RESPONSE	2529
GOBP_ACUTE_INFLAMMATORY_RESPONSE	2625
GOBP_ACUTE_INFLAMMATORY_RESPONSE	2950
GOBP_ACUTE_INFLAMMATORY_RESPONSE	57817
GOBP_ACUTE_INFLAMMATORY_RESPONSE	3133
GOBP_ACUTE_INFLAMMATORY_RESPONSE	3133
GOBP_ACUTE_INFLAMMATORY_RESPONSE	3133
GOBP_ACUTE_INFLAMMATORY_RESPONSE	3133
GOBP_ACUTE_INFLAMMATORY_RESPONSE	3133
GOBP_ACUTE_INFLAMMATORY_RESPONSE	3133
GOBP_ACUTE_INFLAMMATORY_RESPONSE	3133
GOBP_ACUTE_INFLAMMATORY_RESPONSE	3240
GOBP_ACUTE_INFLAMMATORY_RESPONSE	3250
GOBP_ACUTE_INFLAMMATORY_RESPONSE	3500
GOBP_ACUTE_INFLAMMATORY_RESPONSE	3500
GOBP_ACUTE_INFLAMMATORY_RESPONSE	3552
GOBP_ACUTE_INFLAMMATORY_RESPONSE	3553
GOBP_ACUTE_INFLAMMATORY_RESPONSE	53833
GOBP_ACUTE_INFLAMMATORY_RESPONSE	50616
GOBP_ACUTE_INFLAMMATORY_RESPONSE	133396
GOBP_ACUTE_INFLAMMATORY_RESPONSE	3565
GOBP_ACUTE_INFLAMMATORY_RESPONSE	3569
GOBP_ACUTE_INFLAMMATORY_RESPONSE	3570
GOBP_ACUTE_INFLAMMATORY_RESPONSE	3572
GOBP_ACUTE_INFLAMMATORY_RESPONSE	3630
GOBP_ACUTE_INFLAMMATORY_RESPONSE	3700
GOBP_ACUTE_INFLAMMATORY_RESPONSE	9365
GOBP_ACUTE_INFLAMMATORY_RESPONSE	3818
GOBP_ACUTE_INFLAMMATORY_RESPONSE	3929
GOBP_ACUTE_INFLAMMATORY_RESPONSE	4153
GOBP_ACUTE_INFLAMMATORY_RESPONSE	407048
GOBP_ACUTE_INFLAMMATORY_RESPONSE	259249
GOBP_ACUTE_INFLAMMATORY_RESPONSE	91807
GOBP_ACUTE_INFLAMMATORY_RESPONSE	114548
GOBP_ACUTE_INFLAMMATORY_RESPONSE	171389
GOBP_ACUTE_INFLAMMATORY_RESPONSE	4852
GOBP_ACUTE_INFLAMMATORY_RESPONSE	4889
GOBP_ACUTE_INFLAMMATORY_RESPONSE	26471
GOBP_ACUTE_INFLAMMATORY_RESPONSE	4968
GOBP_ACUTE_INFLAMMATORY_RESPONSE	4988
GOBP_ACUTE_INFLAMMATORY_RESPONSE	5004
GOBP_ACUTE_INFLAMMATORY_RESPONSE	5005
GOBP_ACUTE_INFLAMMATORY_RESPONSE	5008
GOBP_ACUTE_INFLAMMATORY_RESPONSE	9180
GOBP_ACUTE_INFLAMMATORY_RESPONSE	11315
GOBP_ACUTE_INFLAMMATORY_RESPONSE	5294
GOBP_ACUTE_INFLAMMATORY_RESPONSE	26279
GOBP_ACUTE_INFLAMMATORY_RESPONSE	5359
GOBP_ACUTE_INFLAMMATORY_RESPONSE	5547
GOBP_ACUTE_INFLAMMATORY_RESPONSE	5733
GOBP_ACUTE_INFLAMMATORY_RESPONSE	9536
GOBP_ACUTE_INFLAMMATORY_RESPONSE	5743
GOBP_ACUTE_INFLAMMATORY_RESPONSE	5068
GOBP_ACUTE_INFLAMMATORY_RESPONSE	130120
GOBP_ACUTE_INFLAMMATORY_RESPONSE	25807
GOBP_ACUTE_INFLAMMATORY_RESPONSE	6279
GOBP_ACUTE_INFLAMMATORY_RESPONSE	6288
GOBP_ACUTE_INFLAMMATORY_RESPONSE	6288
GOBP_ACUTE_INFLAMMATORY_RESPONSE	6289
GOBP_ACUTE_INFLAMMATORY_RESPONSE	6291
GOBP_ACUTE_INFLAMMATORY_RESPONSE	55829
GOBP_ACUTE_INFLAMMATORY_RESPONSE	5265
GOBP_ACUTE_INFLAMMATORY_RESPONSE	5265
GOBP_ACUTE_INFLAMMATORY_RESPONSE	12
GOBP_ACUTE_INFLAMMATORY_RESPONSE	5345
GOBP_ACUTE_INFLAMMATORY_RESPONSE	5345
GOBP_ACUTE_INFLAMMATORY_RESPONSE	59307
GOBP_ACUTE_INFLAMMATORY_RESPONSE	6869
GOBP_ACUTE_INFLAMMATORY_RESPONSE	7036
GOBP_ACUTE_INFLAMMATORY_RESPONSE	7037
GOBP_ACUTE_INFLAMMATORY_RESPONSE	7124
GOBP_ACUTE_INFLAMMATORY_RESPONSE	7124
GOBP_ACUTE_INFLAMMATORY_RESPONSE	7124
GOBP_ACUTE_INFLAMMATORY_RESPONSE	7124
GOBP_ACUTE_INFLAMMATORY_RESPONSE	7124
GOBP_ACUTE_INFLAMMATORY_RESPONSE	7124
GOBP_ACUTE_INFLAMMATORY_RESPONSE	7124
GOBP_ACUTE_INFLAMMATORY_RESPONSE	7124
GOBP_ACUTE_INFLAMMATORY_RESPONSE	8792
GOBP_ACUTE_INFLAMMATORY_RESPONSE	8600
GOBP_ACUTE_INFLAMMATORY_RESPONSE	7292
GOBP_ACUTE_INFLAMMATORY_RESPONSE	54210
GOBP_ACUTE_INFLAMMATORY_RESPONSE	7442
GOBP_ACUTE_INFLAMMATORY_RESPONSE	54658
GOBP_ACUTE_INFLAMMATORY_RESPONSE	7412
GOBP_ACUTE_INFLAMMATORY_RESPONSE	8876
GOBP_ACUTE_INFLAMMATORY_RESPONSE	7784
GOBP_CHRONIC_INFLAMMATORY_RESPONSE	136
GOBP_CHRONIC_INFLAMMATORY_RESPONSE	6352
GOBP_CHRONIC_INFLAMMATORY_RESPONSE	6352
GOBP_CHRONIC_INFLAMMATORY_RESPONSE	10563
GOBP_CHRONIC_INFLAMMATORY_RESPONSE	1588
GOBP_CHRONIC_INFLAMMATORY_RESPONSE	50943
GOBP_CHRONIC_INFLAMMATORY_RESPONSE	50943
GOBP_CHRONIC_INFLAMMATORY_RESPONSE	3620
GOBP_CHRONIC_INFLAMMATORY_RESPONSE	3586
GOBP_CHRONIC_INFLAMMATORY_RESPONSE	3565
GOBP_CHRONIC_INFLAMMATORY_RESPONSE	4049
GOBP_CHRONIC_INFLAMMATORY_RESPONSE	4049
GOBP_CHRONIC_INFLAMMATORY_RESPONSE	4049
GOBP_CHRONIC_INFLAMMATORY_RESPONSE	4049
GOBP_CHRONIC_INFLAMMATORY_RESPONSE	4049
GOBP_CHRONIC_INFLAMMATORY_RESPONSE	4049
GOBP_CHRONIC_INFLAMMATORY_RESPONSE	4049
GOBP_CHRONIC_INFLAMMATORY_RESPONSE	6279
GOBP_CHRONIC_INFLAMMATORY_RESPONSE	6280
GOBP_CHRONIC_INFLAMMATORY_RESPONSE	7057
GOBP_CHRONIC_INFLAMMATORY_RESPONSE	7124
GOBP_CHRONIC_INFLAMMATORY_RESPONSE	7124
GOBP_CHRONIC_INFLAMMATORY_RESPONSE	7124
GOBP_CHRONIC_INFLAMMATORY_RESPONSE	7124
GOBP_CHRONIC_INFLAMMATORY_RESPONSE	7124
GOBP_CHRONIC_INFLAMMATORY_RESPONSE	7124
GOBP_CHRONIC_INFLAMMATORY_RESPONSE	7124
GOBP_CHRONIC_INFLAMMATORY_RESPONSE	7124
GOBP_CHRONIC_INFLAMMATORY_RESPONSE	7128
GOBP_CHRONIC_INFLAMMATORY_RESPONSE	201294
GOBP_CHRONIC_INFLAMMATORY_RESPONSE	7412
GOBP_CHRONIC_INFLAMMATORY_RESPONSE	8876
GOBP_CYTOKINE_PRODUCTION_INVOLVED_IN_INFLAMMATORY_RESPONSE	215
GOBP_CYTOKINE_PRODUCTION_INVOLVED_IN_INFLAMMATORY_RESPONSE	225
GOBP_CYTOKINE_PRODUCTION_INVOLVED_IN_INFLAMMATORY_RESPONSE	113
GOBP_CYTOKINE_PRODUCTION_INVOLVED_IN_INFLAMMATORY_RESPONSE	240
GOBP_CYTOKINE_PRODUCTION_INVOLVED_IN_INFLAMMATORY_RESPONSE	240
GOBP_CYTOKINE_PRODUCTION_INVOLVED_IN_INFLAMMATORY_RESPONSE	347
GOBP_CYTOKINE_PRODUCTION_INVOLVED_IN_INFLAMMATORY_RESPONSE	26060
GOBP_CYTOKINE_PRODUCTION_INVOLVED_IN_INFLAMMATORY_RESPONSE	55198
GOBP_CYTOKINE_PRODUCTION_INVOLVED_IN_INFLAMMATORY_RESPONSE	8314
GOBP_CYTOKINE_PRODUCTION_INVOLVED_IN_INFLAMMATORY_RESPONSE	64170
GOBP_CYTOKINE_PRODUCTION_INVOLVED_IN_INFLAMMATORY_RESPONSE	923
GOBP_CYTOKINE_PRODUCTION_INVOLVED_IN_INFLAMMATORY_RESPONSE	66005
GOBP_CYTOKINE_PRODUCTION_INVOLVED_IN_INFLAMMATORY_RESPONSE	64581
GOBP_CYTOKINE_PRODUCTION_INVOLVED_IN_INFLAMMATORY_RESPONSE	79004
GOBP_CYTOKINE_PRODUCTION_INVOLVED_IN_INFLAMMATORY_RESPONSE	2048
GOBP_CYTOKINE_PRODUCTION_INVOLVED_IN_INFLAMMATORY_RESPONSE	2146
GOBP_CYTOKINE_PRODUCTION_INVOLVED_IN_INFLAMMATORY_RESPONSE	2147
GOBP_CYTOKINE_PRODUCTION_INVOLVED_IN_INFLAMMATORY_RESPONSE	115362
GOBP_CYTOKINE_PRODUCTION_INVOLVED_IN_INFLAMMATORY_RESPONSE	63940
GOBP_CYTOKINE_PRODUCTION_INVOLVED_IN_INFLAMMATORY_RESPONSE	63940
GOBP_CYTOKINE_PRODUCTION_INVOLVED_IN_INFLAMMATORY_RESPONSE	63940
GOBP_CYTOKINE_PRODUCTION_INVOLVED_IN_INFLAMMATORY_RESPONSE	63940
GOBP_CYTOKINE_PRODUCTION_INVOLVED_IN_INFLAMMATORY_RESPONSE	63940
GOBP_CYTOKINE_PRODUCTION_INVOLVED_IN_INFLAMMATORY_RESPONSE	63940
GOBP_CYTOKINE_PRODUCTION_INVOLVED_IN_INFLAMMATORY_RESPONSE	63940
GOBP_CYTOKINE_PRODUCTION_INVOLVED_IN_INFLAMMATORY_RESPONSE	63940
GOBP_CYTOKINE_PRODUCTION_INVOLVED_IN_INFLAMMATORY_RESPONSE	283120
GOBP_CYTOKINE_PRODUCTION_INVOLVED_IN_INFLAMMATORY_RESPONSE	283120
GOBP_CYTOKINE_PRODUCTION_INVOLVED_IN_INFLAMMATORY_RESPONSE	3091
GOBP_CYTOKINE_PRODUCTION_INVOLVED_IN_INFLAMMATORY_RESPONSE	3605
GOBP_CYTOKINE_PRODUCTION_INVOLVED_IN_INFLAMMATORY_RESPONSE	27190
GOBP_CYTOKINE_PRODUCTION_INVOLVED_IN_INFLAMMATORY_RESPONSE	53342
GOBP_CYTOKINE_PRODUCTION_INVOLVED_IN_INFLAMMATORY_RESPONSE	112744
GOBP_CYTOKINE_PRODUCTION_INVOLVED_IN_INFLAMMATORY_RESPONSE	23765
GOBP_CYTOKINE_PRODUCTION_INVOLVED_IN_INFLAMMATORY_RESPONSE	7850
GOBP_CYTOKINE_PRODUCTION_INVOLVED_IN_INFLAMMATORY_RESPONSE	3569
GOBP_CYTOKINE_PRODUCTION_INVOLVED_IN_INFLAMMATORY_RESPONSE	23633
GOBP_CYTOKINE_PRODUCTION_INVOLVED_IN_INFLAMMATORY_RESPONSE	3952
GOBP_CYTOKINE_PRODUCTION_INVOLVED_IN_INFLAMMATORY_RESPONSE	11006
GOBP_CYTOKINE_PRODUCTION_INVOLVED_IN_INFLAMMATORY_RESPONSE	11006
GOBP_CYTOKINE_PRODUCTION_INVOLVED_IN_INFLAMMATORY_RESPONSE	11006
GOBP_CYTOKINE_PRODUCTION_INVOLVED_IN_INFLAMMATORY_RESPONSE	11006
GOBP_CYTOKINE_PRODUCTION_INVOLVED_IN_INFLAMMATORY_RESPONSE	11006
GOBP_CYTOKINE_PRODUCTION_INVOLVED_IN_INFLAMMATORY_RESPONSE	90355
GOBP_CYTOKINE_PRODUCTION_INVOLVED_IN_INFLAMMATORY_RESPONSE	1432
GOBP_CYTOKINE_PRODUCTION_INVOLVED_IN_INFLAMMATORY_RESPONSE	4210
GOBP_CYTOKINE_PRODUCTION_INVOLVED_IN_INFLAMMATORY_RESPONSE	406910
GOBP_CYTOKINE_PRODUCTION_INVOLVED_IN_INFLAMMATORY_RESPONSE	406917
GOBP_CYTOKINE_PRODUCTION_INVOLVED_IN_INFLAMMATORY_RESPONSE	406925
GOBP_CYTOKINE_PRODUCTION_INVOLVED_IN_INFLAMMATORY_RESPONSE	406927
GOBP_CYTOKINE_PRODUCTION_INVOLVED_IN_INFLAMMATORY_RESPONSE	406932
GOBP_CYTOKINE_PRODUCTION_INVOLVED_IN_INFLAMMATORY_RESPONSE	406938
GOBP_CYTOKINE_PRODUCTION_INVOLVED_IN_INFLAMMATORY_RESPONSE	406950
GOBP_CYTOKINE_PRODUCTION_INVOLVED_IN_INFLAMMATORY_RESPONSE	406952
GOBP_CYTOKINE_PRODUCTION_INVOLVED_IN_INFLAMMATORY_RESPONSE	406974
GOBP_CYTOKINE_PRODUCTION_INVOLVED_IN_INFLAMMATORY_RESPONSE	406986
GOBP_CYTOKINE_PRODUCTION_INVOLVED_IN_INFLAMMATORY_RESPONSE	406991
GOBP_CYTOKINE_PRODUCTION_INVOLVED_IN_INFLAMMATORY_RESPONSE	407006
GOBP_CYTOKINE_PRODUCTION_INVOLVED_IN_INFLAMMATORY_RESPONSE	407007
GOBP_CYTOKINE_PRODUCTION_INVOLVED_IN_INFLAMMATORY_RESPONSE	407015
GOBP_CYTOKINE_PRODUCTION_INVOLVED_IN_INFLAMMATORY_RESPONSE	442898
GOBP_CYTOKINE_PRODUCTION_INVOLVED_IN_INFLAMMATORY_RESPONSE	442906
GOBP_CYTOKINE_PRODUCTION_INVOLVED_IN_INFLAMMATORY_RESPONSE	494327
GOBP_CYTOKINE_PRODUCTION_INVOLVED_IN_INFLAMMATORY_RESPONSE	100033819
GOBP_CYTOKINE_PRODUCTION_INVOLVED_IN_INFLAMMATORY_RESPONSE	100033819
GOBP_CYTOKINE_PRODUCTION_INVOLVED_IN_INFLAMMATORY_RESPONSE	407050
GOBP_CYTOKINE_PRODUCTION_INVOLVED_IN_INFLAMMATORY_RESPONSE	407054
GOBP_CYTOKINE_PRODUCTION_INVOLVED_IN_INFLAMMATORY_RESPONSE	4615
GOBP_CYTOKINE_PRODUCTION_INVOLVED_IN_INFLAMMATORY_RESPONSE	197358
GOBP_CYTOKINE_PRODUCTION_INVOLVED_IN_INFLAMMATORY_RESPONSE	199713
GOBP_CYTOKINE_PRODUCTION_INVOLVED_IN_INFLAMMATORY_RESPONSE	199713
GOBP_CYTOKINE_PRODUCTION_INVOLVED_IN_INFLAMMATORY_RESPONSE	199713
GOBP_CYTOKINE_PRODUCTION_INVOLVED_IN_INFLAMMATORY_RESPONSE	199713
GOBP_CYTOKINE_PRODUCTION_INVOLVED_IN_INFLAMMATORY_RESPONSE	199713
GOBP_CYTOKINE_PRODUCTION_INVOLVED_IN_INFLAMMATORY_RESPONSE	199713
GOBP_CYTOKINE_PRODUCTION_INVOLVED_IN_INFLAMMATORY_RESPONSE	199713
GOBP_CYTOKINE_PRODUCTION_INVOLVED_IN_INFLAMMATORY_RESPONSE	199713
GOBP_CYTOKINE_PRODUCTION_INVOLVED_IN_INFLAMMATORY_RESPONSE	199713
GOBP_CYTOKINE_PRODUCTION_INVOLVED_IN_INFLAMMATORY_RESPONSE	199713
GOBP_CYTOKINE_PRODUCTION_INVOLVED_IN_INFLAMMATORY_RESPONSE	64127
GOBP_CYTOKINE_PRODUCTION_INVOLVED_IN_INFLAMMATORY_RESPONSE	4843
GOBP_CYTOKINE_PRODUCTION_INVOLVED_IN_INFLAMMATORY_RESPONSE	27250
GOBP_CYTOKINE_PRODUCTION_INVOLVED_IN_INFLAMMATORY_RESPONSE	5187
GOBP_CYTOKINE_PRODUCTION_INVOLVED_IN_INFLAMMATORY_RESPONSE	8399
GOBP_CYTOKINE_PRODUCTION_INVOLVED_IN_INFLAMMATORY_RESPONSE	8399
GOBP_CYTOKINE_PRODUCTION_INVOLVED_IN_INFLAMMATORY_RESPONSE	50487
GOBP_CYTOKINE_PRODUCTION_INVOLVED_IN_INFLAMMATORY_RESPONSE	23646
GOBP_CYTOKINE_PRODUCTION_INVOLVED_IN_INFLAMMATORY_RESPONSE	122618
GOBP_CYTOKINE_PRODUCTION_INVOLVED_IN_INFLAMMATORY_RESPONSE	5465
GOBP_CYTOKINE_PRODUCTION_INVOLVED_IN_INFLAMMATORY_RESPONSE	5678
GOBP_CYTOKINE_PRODUCTION_INVOLVED_IN_INFLAMMATORY_RESPONSE	29108
GOBP_CYTOKINE_PRODUCTION_INVOLVED_IN_INFLAMMATORY_RESPONSE	140885
GOBP_CYTOKINE_PRODUCTION_INVOLVED_IN_INFLAMMATORY_RESPONSE	6774
GOBP_CYTOKINE_PRODUCTION_INVOLVED_IN_INFLAMMATORY_RESPONSE	148022
GOBP_CYTOKINE_PRODUCTION_INVOLVED_IN_INFLAMMATORY_RESPONSE	7099
GOBP_CYTOKINE_PRODUCTION_INVOLVED_IN_INFLAMMATORY_RESPONSE	10333
GOBP_CYTOKINE_PRODUCTION_INVOLVED_IN_INFLAMMATORY_RESPONSE	7124
GOBP_CYTOKINE_PRODUCTION_INVOLVED_IN_INFLAMMATORY_RESPONSE	7124
GOBP_CYTOKINE_PRODUCTION_INVOLVED_IN_INFLAMMATORY_RESPONSE	7124
GOBP_CYTOKINE_PRODUCTION_INVOLVED_IN_INFLAMMATORY_RESPONSE	7124
GOBP_CYTOKINE_PRODUCTION_INVOLVED_IN_INFLAMMATORY_RESPONSE	7124
GOBP_CYTOKINE_PRODUCTION_INVOLVED_IN_INFLAMMATORY_RESPONSE	7124
GOBP_CYTOKINE_PRODUCTION_INVOLVED_IN_INFLAMMATORY_RESPONSE	7124
GOBP_CYTOKINE_PRODUCTION_INVOLVED_IN_INFLAMMATORY_RESPONSE	7124
GOBP_CYTOKINE_PRODUCTION_INVOLVED_IN_INFLAMMATORY_RESPONSE	54209
GOBP_CYTOKINE_PRODUCTION_INVOLVED_IN_INFLAMMATORY_RESPONSE	80149
GOBP_INFLAMMATORY_RESPONSE	2
GOBP_INFLAMMATORY_RESPONSE	4363
GOBP_INFLAMMATORY_RESPONSE	4363
GOBP_INFLAMMATORY_RESPONSE	215
GOBP_INFLAMMATORY_RESPONSE	225
GOBP_INFLAMMATORY_RESPONSE	23
GOBP_INFLAMMATORY_RESPONSE	23
GOBP_INFLAMMATORY_RESPONSE	23
GOBP_INFLAMMATORY_RESPONSE	23
GOBP_INFLAMMATORY_RESPONSE	23
GOBP_INFLAMMATORY_RESPONSE	23
GOBP_INFLAMMATORY_RESPONSE	23
GOBP_INFLAMMATORY_RESPONSE	26090
GOBP_INFLAMMATORY_RESPONSE	1636
GOBP_INFLAMMATORY_RESPONSE	59272
GOBP_INFLAMMATORY_RESPONSE	55331
GOBP_INFLAMMATORY_RESPONSE	55331
GOBP_INFLAMMATORY_RESPONSE	2532
GOBP_INFLAMMATORY_RESPONSE	1238
GOBP_INFLAMMATORY_RESPONSE	730249
GOBP_INFLAMMATORY_RESPONSE	54
GOBP_INFLAMMATORY_RESPONSE	90
GOBP_INFLAMMATORY_RESPONSE	100
GOBP_INFLAMMATORY_RESPONSE	101
GOBP_INFLAMMATORY_RESPONSE	81792
GOBP_INFLAMMATORY_RESPONSE	81792
GOBP_INFLAMMATORY_RESPONSE	107
GOBP_INFLAMMATORY_RESPONSE	113
GOBP_INFLAMMATORY_RESPONSE	114
GOBP_INFLAMMATORY_RESPONSE	30817
GOBP_INFLAMMATORY_RESPONSE	976
GOBP_INFLAMMATORY_RESPONSE	9370
GOBP_INFLAMMATORY_RESPONSE	133
GOBP_INFLAMMATORY_RESPONSE	134
GOBP_INFLAMMATORY_RESPONSE	135
GOBP_INFLAMMATORY_RESPONSE	136
GOBP_INFLAMMATORY_RESPONSE	140
GOBP_INFLAMMATORY_RESPONSE	150
GOBP_INFLAMMATORY_RESPONSE	84632
GOBP_INFLAMMATORY_RESPONSE	177
GOBP_INFLAMMATORY_RESPONSE	177
GOBP_INFLAMMATORY_RESPONSE	177
GOBP_INFLAMMATORY_RESPONSE	177
GOBP_INFLAMMATORY_RESPONSE	177
GOBP_INFLAMMATORY_RESPONSE	177
GOBP_INFLAMMATORY_RESPONSE	177
GOBP_INFLAMMATORY_RESPONSE	183
GOBP_INFLAMMATORY_RESPONSE	185
GOBP_INFLAMMATORY_RESPONSE	186
GOBP_INFLAMMATORY_RESPONSE	186
GOBP_INFLAMMATORY_RESPONSE	197
GOBP_INFLAMMATORY_RESPONSE	199
GOBP_INFLAMMATORY_RESPONSE	199
GOBP_INFLAMMATORY_RESPONSE	199
GOBP_INFLAMMATORY_RESPONSE	199
GOBP_INFLAMMATORY_RESPONSE	199
GOBP_INFLAMMATORY_RESPONSE	199
GOBP_INFLAMMATORY_RESPONSE	9447
GOBP_INFLAMMATORY_RESPONSE	9255
GOBP_INFLAMMATORY_RESPONSE	80709
GOBP_INFLAMMATORY_RESPONSE	207
GOBP_INFLAMMATORY_RESPONSE	246
GOBP_INFLAMMATORY_RESPONSE	240
GOBP_INFLAMMATORY_RESPONSE	240
GOBP_INFLAMMATORY_RESPONSE	241
GOBP_INFLAMMATORY_RESPONSE	196527
GOBP_INFLAMMATORY_RESPONSE	301
GOBP_INFLAMMATORY_RESPONSE	313
GOBP_INFLAMMATORY_RESPONSE	8639
GOBP_INFLAMMATORY_RESPONSE	8546
GOBP_INFLAMMATORY_RESPONSE	325
GOBP_INFLAMMATORY_RESPONSE	335
GOBP_INFLAMMATORY_RESPONSE	336
GOBP_INFLAMMATORY_RESPONSE	347
GOBP_INFLAMMATORY_RESPONSE	348
GOBP_INFLAMMATORY_RESPONSE	23780
GOBP_INFLAMMATORY_RESPONSE	80833
GOBP_INFLAMMATORY_RESPONSE	351
GOBP_INFLAMMATORY_RESPONSE	26060
GOBP_INFLAMMATORY_RESPONSE	55198
GOBP_INFLAMMATORY_RESPONSE	9870
GOBP_INFLAMMATORY_RESPONSE	55870
GOBP_INFLAMMATORY_RESPONSE	445
GOBP_INFLAMMATORY_RESPONSE	472
GOBP_INFLAMMATORY_RESPONSE	8455
GOBP_INFLAMMATORY_RESPONSE	558
GOBP_INFLAMMATORY_RESPONSE	566
GOBP_INFLAMMATORY_RESPONSE	566
GOBP_INFLAMMATORY_RESPONSE	2683
GOBP_INFLAMMATORY_RESPONSE	8314
GOBP_INFLAMMATORY_RESPONSE	604
GOBP_INFLAMMATORY_RESPONSE	255877
GOBP_INFLAMMATORY_RESPONSE	613
GOBP_INFLAMMATORY_RESPONSE	623
GOBP_INFLAMMATORY_RESPONSE	624
GOBP_INFLAMMATORY_RESPONSE	329
GOBP_INFLAMMATORY_RESPONSE	330
GOBP_INFLAMMATORY_RESPONSE	29760
GOBP_INFLAMMATORY_RESPONSE	650
GOBP_INFLAMMATORY_RESPONSE	654
GOBP_INFLAMMATORY_RESPONSE	658
GOBP_INFLAMMATORY_RESPONSE	23476
GOBP_INFLAMMATORY_RESPONSE	683
GOBP_INFLAMMATORY_RESPONSE	695
GOBP_INFLAMMATORY_RESPONSE	388581
GOBP_INFLAMMATORY_RESPONSE	114899
GOBP_INFLAMMATORY_RESPONSE	145741
GOBP_INFLAMMATORY_RESPONSE	388125
GOBP_INFLAMMATORY_RESPONSE	718
GOBP_INFLAMMATORY_RESPONSE	719
GOBP_INFLAMMATORY_RESPONSE	720
GOBP_INFLAMMATORY_RESPONSE	720
GOBP_INFLAMMATORY_RESPONSE	720
GOBP_INFLAMMATORY_RESPONSE	720
GOBP_INFLAMMATORY_RESPONSE	721
GOBP_INFLAMMATORY_RESPONSE	721
GOBP_INFLAMMATORY_RESPONSE	721
GOBP_INFLAMMATORY_RESPONSE	721
GOBP_INFLAMMATORY_RESPONSE	721
GOBP_INFLAMMATORY_RESPONSE	721
GOBP_INFLAMMATORY_RESPONSE	721
GOBP_INFLAMMATORY_RESPONSE	727
GOBP_INFLAMMATORY_RESPONSE	728
GOBP_INFLAMMATORY_RESPONSE	27202
GOBP_INFLAMMATORY_RESPONSE	796
GOBP_INFLAMMATORY_RESPONSE	10203
GOBP_INFLAMMATORY_RESPONSE	57118
GOBP_INFLAMMATORY_RESPONSE	55450
GOBP_INFLAMMATORY_RESPONSE	814
GOBP_INFLAMMATORY_RESPONSE	59082
GOBP_INFLAMMATORY_RESPONSE	22900
GOBP_INFLAMMATORY_RESPONSE	64170
GOBP_INFLAMMATORY_RESPONSE	834
GOBP_INFLAMMATORY_RESPONSE	100506742
GOBP_INFLAMMATORY_RESPONSE	837
GOBP_INFLAMMATORY_RESPONSE	838
GOBP_INFLAMMATORY_RESPONSE	6346
GOBP_INFLAMMATORY_RESPONSE	6356
GOBP_INFLAMMATORY_RESPONSE	6357
GOBP_INFLAMMATORY_RESPONSE	6358
GOBP_INFLAMMATORY_RESPONSE	6358
GOBP_INFLAMMATORY_RESPONSE	6359
GOBP_INFLAMMATORY_RESPONSE	6359
GOBP_INFLAMMATORY_RESPONSE	6360
GOBP_INFLAMMATORY_RESPONSE	6360
GOBP_INFLAMMATORY_RESPONSE	6361
GOBP_INFLAMMATORY_RESPONSE	6362
GOBP_INFLAMMATORY_RESPONSE	6362
GOBP_INFLAMMATORY_RESPONSE	6362
GOBP_INFLAMMATORY_RESPONSE	6363
GOBP_INFLAMMATORY_RESPONSE	6347
GOBP_INFLAMMATORY_RESPONSE	6364
GOBP_INFLAMMATORY_RESPONSE	6366
GOBP_INFLAMMATORY_RESPONSE	6367
GOBP_INFLAMMATORY_RESPONSE	6368
GOBP_INFLAMMATORY_RESPONSE	6368
GOBP_INFLAMMATORY_RESPONSE	6369
GOBP_INFLAMMATORY_RESPONSE	6370
GOBP_INFLAMMATORY_RESPONSE	10344
GOBP_INFLAMMATORY_RESPONSE	6348
GOBP_INFLAMMATORY_RESPONSE	6348
GOBP_INFLAMMATORY_RESPONSE	6348
GOBP_INFLAMMATORY_RESPONSE	6349
GOBP_INFLAMMATORY_RESPONSE	6349
GOBP_INFLAMMATORY_RESPONSE	6349
GOBP_INFLAMMATORY_RESPONSE	414062
GOBP_INFLAMMATORY_RESPONSE	6351
GOBP_INFLAMMATORY_RESPONSE	6351
GOBP_INFLAMMATORY_RESPONSE	6351
GOBP_INFLAMMATORY_RESPONSE	6352
GOBP_INFLAMMATORY_RESPONSE	6352
GOBP_INFLAMMATORY_RESPONSE	6354
GOBP_INFLAMMATORY_RESPONSE	6355
GOBP_INFLAMMATORY_RESPONSE	4856
GOBP_INFLAMMATORY_RESPONSE	8840
GOBP_INFLAMMATORY_RESPONSE	1230
GOBP_INFLAMMATORY_RESPONSE	729230
GOBP_INFLAMMATORY_RESPONSE	1232
GOBP_INFLAMMATORY_RESPONSE	1233
GOBP_INFLAMMATORY_RESPONSE	1234
GOBP_INFLAMMATORY_RESPONSE	1235
GOBP_INFLAMMATORY_RESPONSE	1236
GOBP_INFLAMMATORY_RESPONSE	9034
GOBP_INFLAMMATORY_RESPONSE	929
GOBP_INFLAMMATORY_RESPONSE	9332
GOBP_INFLAMMATORY_RESPONSE	4064
GOBP_INFLAMMATORY_RESPONSE	4345
GOBP_INFLAMMATORY_RESPONSE	131450
GOBP_INFLAMMATORY_RESPONSE	344807
GOBP_INFLAMMATORY_RESPONSE	940
GOBP_INFLAMMATORY_RESPONSE	948
GOBP_INFLAMMATORY_RESPONSE	958
GOBP_INFLAMMATORY_RESPONSE	959
GOBP_INFLAMMATORY_RESPONSE	960
GOBP_INFLAMMATORY_RESPONSE	961
GOBP_INFLAMMATORY_RESPONSE	922
GOBP_INFLAMMATORY_RESPONSE	923
GOBP_INFLAMMATORY_RESPONSE	968
GOBP_INFLAMMATORY_RESPONSE	975
GOBP_INFLAMMATORY_RESPONSE	10225
GOBP_INFLAMMATORY_RESPONSE	1003
GOBP_INFLAMMATORY_RESPONSE	23097
GOBP_INFLAMMATORY_RESPONSE	1036
GOBP_INFLAMMATORY_RESPONSE	1050
GOBP_INFLAMMATORY_RESPONSE	1051
GOBP_INFLAMMATORY_RESPONSE	1990
GOBP_INFLAMMATORY_RESPONSE	10658
GOBP_INFLAMMATORY_RESPONSE	253782
GOBP_INFLAMMATORY_RESPONSE	1116
GOBP_INFLAMMATORY_RESPONSE	27159
GOBP_INFLAMMATORY_RESPONSE	66005
GOBP_INFLAMMATORY_RESPONSE	8534
GOBP_INFLAMMATORY_RESPONSE	9435
GOBP_INFLAMMATORY_RESPONSE	10164
GOBP_INFLAMMATORY_RESPONSE	1147
GOBP_INFLAMMATORY_RESPONSE	4261
GOBP_INFLAMMATORY_RESPONSE	64581
GOBP_INFLAMMATORY_RESPONSE	9575
GOBP_INFLAMMATORY_RESPONSE	1215
GOBP_INFLAMMATORY_RESPONSE	1240
GOBP_INFLAMMATORY_RESPONSE	1268
GOBP_INFLAMMATORY_RESPONSE	1269
GOBP_INFLAMMATORY_RESPONSE	84699
GOBP_INFLAMMATORY_RESPONSE	1392
GOBP_INFLAMMATORY_RESPONSE	1393
GOBP_INFLAMMATORY_RESPONSE	1401
GOBP_INFLAMMATORY_RESPONSE	1435
GOBP_INFLAMMATORY_RESPONSE	1436
GOBP_INFLAMMATORY_RESPONSE	8048
GOBP_INFLAMMATORY_RESPONSE	8530
GOBP_INFLAMMATORY_RESPONSE	56998
GOBP_INFLAMMATORY_RESPONSE	1075
GOBP_INFLAMMATORY_RESPONSE	79004
GOBP_INFLAMMATORY_RESPONSE	6376
GOBP_INFLAMMATORY_RESPONSE	1524
GOBP_INFLAMMATORY_RESPONSE	2919
GOBP_INFLAMMATORY_RESPONSE	3627
GOBP_INFLAMMATORY_RESPONSE	6373
GOBP_INFLAMMATORY_RESPONSE	10563
GOBP_INFLAMMATORY_RESPONSE	284340
GOBP_INFLAMMATORY_RESPONSE	2920
GOBP_INFLAMMATORY_RESPONSE	2921
GOBP_INFLAMMATORY_RESPONSE	6374
GOBP_INFLAMMATORY_RESPONSE	6372
GOBP_INFLAMMATORY_RESPONSE	3576
GOBP_INFLAMMATORY_RESPONSE	4283
GOBP_INFLAMMATORY_RESPONSE	3579
GOBP_INFLAMMATORY_RESPONSE	2833
GOBP_INFLAMMATORY_RESPONSE	7852
GOBP_INFLAMMATORY_RESPONSE	10663
GOBP_INFLAMMATORY_RESPONSE	1535
GOBP_INFLAMMATORY_RESPONSE	1536
GOBP_INFLAMMATORY_RESPONSE	1540
GOBP_INFLAMMATORY_RESPONSE	1588
GOBP_INFLAMMATORY_RESPONSE	56603
GOBP_INFLAMMATORY_RESPONSE	10800
GOBP_INFLAMMATORY_RESPONSE	153090
GOBP_INFLAMMATORY_RESPONSE	747
GOBP_INFLAMMATORY_RESPONSE	221955
GOBP_INFLAMMATORY_RESPONSE	1652
GOBP_INFLAMMATORY_RESPONSE	1652
GOBP_INFLAMMATORY_RESPONSE	245928
GOBP_INFLAMMATORY_RESPONSE	25979
GOBP_INFLAMMATORY_RESPONSE	1660
GOBP_INFLAMMATORY_RESPONSE	1773
GOBP_INFLAMMATORY_RESPONSE	1776
GOBP_INFLAMMATORY_RESPONSE	29102
GOBP_INFLAMMATORY_RESPONSE	90527
GOBP_INFLAMMATORY_RESPONSE	405753
GOBP_INFLAMMATORY_RESPONSE	11221
GOBP_INFLAMMATORY_RESPONSE	1893
GOBP_INFLAMMATORY_RESPONSE	1910
GOBP_INFLAMMATORY_RESPONSE	27102
GOBP_INFLAMMATORY_RESPONSE	1991
GOBP_INFLAMMATORY_RESPONSE	1991
GOBP_INFLAMMATORY_RESPONSE	1999
GOBP_INFLAMMATORY_RESPONSE	5169
GOBP_INFLAMMATORY_RESPONSE	1969
GOBP_INFLAMMATORY_RESPONSE	2048
GOBP_INFLAMMATORY_RESPONSE	2056
GOBP_INFLAMMATORY_RESPONSE	2099
GOBP_INFLAMMATORY_RESPONSE	2113
GOBP_INFLAMMATORY_RESPONSE	2131
GOBP_INFLAMMATORY_RESPONSE	2146
GOBP_INFLAMMATORY_RESPONSE	50848
GOBP_INFLAMMATORY_RESPONSE	2161
GOBP_INFLAMMATORY_RESPONSE	2147
GOBP_INFLAMMATORY_RESPONSE	2149
GOBP_INFLAMMATORY_RESPONSE	2150
GOBP_INFLAMMATORY_RESPONSE	2152
GOBP_INFLAMMATORY_RESPONSE	2157
GOBP_INFLAMMATORY_RESPONSE	2167
GOBP_INFLAMMATORY_RESPONSE	2175
GOBP_INFLAMMATORY_RESPONSE	2177
GOBP_INFLAMMATORY_RESPONSE	2194
GOBP_INFLAMMATORY_RESPONSE	2209
GOBP_INFLAMMATORY_RESPONSE	2213
GOBP_INFLAMMATORY_RESPONSE	2214
GOBP_INFLAMMATORY_RESPONSE	55527
GOBP_INFLAMMATORY_RESPONSE	2867
GOBP_INFLAMMATORY_RESPONSE	2865
GOBP_INFLAMMATORY_RESPONSE	338557
GOBP_INFLAMMATORY_RESPONSE	2268
GOBP_INFLAMMATORY_RESPONSE	2335
GOBP_INFLAMMATORY_RESPONSE	64838
GOBP_INFLAMMATORY_RESPONSE	2350
GOBP_INFLAMMATORY_RESPONSE	2353
GOBP_INFLAMMATORY_RESPONSE	2294
GOBP_INFLAMMATORY_RESPONSE	27086
GOBP_INFLAMMATORY_RESPONSE	50943
GOBP_INFLAMMATORY_RESPONSE	50943
GOBP_INFLAMMATORY_RESPONSE	2357
GOBP_INFLAMMATORY_RESPONSE	2358
GOBP_INFLAMMATORY_RESPONSE	2359
GOBP_INFLAMMATORY_RESPONSE	5045
GOBP_INFLAMMATORY_RESPONSE	2529
GOBP_INFLAMMATORY_RESPONSE	2534
GOBP_INFLAMMATORY_RESPONSE	51083
GOBP_INFLAMMATORY_RESPONSE	2625
GOBP_INFLAMMATORY_RESPONSE	2629
GOBP_INFLAMMATORY_RESPONSE	2629
GOBP_INFLAMMATORY_RESPONSE	115362
GOBP_INFLAMMATORY_RESPONSE	2678
GOBP_INFLAMMATORY_RESPONSE	728441
GOBP_INFLAMMATORY_RESPONSE	2679
GOBP_INFLAMMATORY_RESPONSE	2687
GOBP_INFLAMMATORY_RESPONSE	51738
GOBP_INFLAMMATORY_RESPONSE	2693
GOBP_INFLAMMATORY_RESPONSE	28964
GOBP_INFLAMMATORY_RESPONSE	2852
GOBP_INFLAMMATORY_RESPONSE	2853
GOBP_INFLAMMATORY_RESPONSE	2854
GOBP_INFLAMMATORY_RESPONSE	2855
GOBP_INFLAMMATORY_RESPONSE	2856
GOBP_INFLAMMATORY_RESPONSE	2828
GOBP_INFLAMMATORY_RESPONSE	8111
GOBP_INFLAMMATORY_RESPONSE	51704
GOBP_INFLAMMATORY_RESPONSE	2874
GOBP_INFLAMMATORY_RESPONSE	2874
GOBP_INFLAMMATORY_RESPONSE	63940
GOBP_INFLAMMATORY_RESPONSE	63940
GOBP_INFLAMMATORY_RESPONSE	63940
GOBP_INFLAMMATORY_RESPONSE	63940
GOBP_INFLAMMATORY_RESPONSE	63940
GOBP_INFLAMMATORY_RESPONSE	63940
GOBP_INFLAMMATORY_RESPONSE	63940
GOBP_INFLAMMATORY_RESPONSE	63940
GOBP_INFLAMMATORY_RESPONSE	2876
GOBP_INFLAMMATORY_RESPONSE	2879
GOBP_INFLAMMATORY_RESPONSE	2896
GOBP_INFLAMMATORY_RESPONSE	79792
GOBP_INFLAMMATORY_RESPONSE	79792
GOBP_INFLAMMATORY_RESPONSE	2950
GOBP_INFLAMMATORY_RESPONSE	283120
GOBP_INFLAMMATORY_RESPONSE	283120
GOBP_INFLAMMATORY_RESPONSE	57817
GOBP_INFLAMMATORY_RESPONSE	84868
GOBP_INFLAMMATORY_RESPONSE	3055
GOBP_INFLAMMATORY_RESPONSE	9759
GOBP_INFLAMMATORY_RESPONSE	10014
GOBP_INFLAMMATORY_RESPONSE	9734
GOBP_INFLAMMATORY_RESPONSE	3082
GOBP_INFLAMMATORY_RESPONSE	3091
GOBP_INFLAMMATORY_RESPONSE	3098
GOBP_INFLAMMATORY_RESPONSE	3123
GOBP_INFLAMMATORY_RESPONSE	3123
GOBP_INFLAMMATORY_RESPONSE	3123
GOBP_INFLAMMATORY_RESPONSE	3123
GOBP_INFLAMMATORY_RESPONSE	3123
GOBP_INFLAMMATORY_RESPONSE	3123
GOBP_INFLAMMATORY_RESPONSE	3133
GOBP_INFLAMMATORY_RESPONSE	3133
GOBP_INFLAMMATORY_RESPONSE	3133
GOBP_INFLAMMATORY_RESPONSE	3133
GOBP_INFLAMMATORY_RESPONSE	3133
GOBP_INFLAMMATORY_RESPONSE	3133
GOBP_INFLAMMATORY_RESPONSE	3133
GOBP_INFLAMMATORY_RESPONSE	3146
GOBP_INFLAMMATORY_RESPONSE	3148
GOBP_INFLAMMATORY_RESPONSE	3162
GOBP_INFLAMMATORY_RESPONSE	10949
GOBP_INFLAMMATORY_RESPONSE	3240
GOBP_INFLAMMATORY_RESPONSE	3250
GOBP_INFLAMMATORY_RESPONSE	3269
GOBP_INFLAMMATORY_RESPONSE	59340
GOBP_INFLAMMATORY_RESPONSE	3339
GOBP_INFLAMMATORY_RESPONSE	3373
GOBP_INFLAMMATORY_RESPONSE	8692
GOBP_INFLAMMATORY_RESPONSE	8372
GOBP_INFLAMMATORY_RESPONSE	3620
GOBP_INFLAMMATORY_RESPONSE	3428
GOBP_INFLAMMATORY_RESPONSE	3430
GOBP_INFLAMMATORY_RESPONSE	3440
GOBP_INFLAMMATORY_RESPONSE	3458
GOBP_INFLAMMATORY_RESPONSE	3479
GOBP_INFLAMMATORY_RESPONSE	3487
GOBP_INFLAMMATORY_RESPONSE	3500
GOBP_INFLAMMATORY_RESPONSE	3500
GOBP_INFLAMMATORY_RESPONSE	3551
GOBP_INFLAMMATORY_RESPONSE	8517
GOBP_INFLAMMATORY_RESPONSE	3586
GOBP_INFLAMMATORY_RESPONSE	3588
GOBP_INFLAMMATORY_RESPONSE	3593
GOBP_INFLAMMATORY_RESPONSE	3596
GOBP_INFLAMMATORY_RESPONSE	3600
GOBP_INFLAMMATORY_RESPONSE	3603
GOBP_INFLAMMATORY_RESPONSE	3605
GOBP_INFLAMMATORY_RESPONSE	27190
GOBP_INFLAMMATORY_RESPONSE	27189
GOBP_INFLAMMATORY_RESPONSE	53342
GOBP_INFLAMMATORY_RESPONSE	112744
GOBP_INFLAMMATORY_RESPONSE	23765
GOBP_INFLAMMATORY_RESPONSE	84818
GOBP_INFLAMMATORY_RESPONSE	132014
GOBP_INFLAMMATORY_RESPONSE	3606
GOBP_INFLAMMATORY_RESPONSE	8809
GOBP_INFLAMMATORY_RESPONSE	8807
GOBP_INFLAMMATORY_RESPONSE	3552
GOBP_INFLAMMATORY_RESPONSE	3553
GOBP_INFLAMMATORY_RESPONSE	84639
GOBP_INFLAMMATORY_RESPONSE	3554
GOBP_INFLAMMATORY_RESPONSE	7850
GOBP_INFLAMMATORY_RESPONSE	3556
GOBP_INFLAMMATORY_RESPONSE	9173
GOBP_INFLAMMATORY_RESPONSE	8808
GOBP_INFLAMMATORY_RESPONSE	3557
GOBP_INFLAMMATORY_RESPONSE	3558
GOBP_INFLAMMATORY_RESPONSE	50604
GOBP_INFLAMMATORY_RESPONSE	53833
GOBP_INFLAMMATORY_RESPONSE	59067
GOBP_INFLAMMATORY_RESPONSE	50616
GOBP_INFLAMMATORY_RESPONSE	116379
GOBP_INFLAMMATORY_RESPONSE	51561
GOBP_INFLAMMATORY_RESPONSE	149233
GOBP_INFLAMMATORY_RESPONSE	64806
GOBP_INFLAMMATORY_RESPONSE	246778
GOBP_INFLAMMATORY_RESPONSE	3559
GOBP_INFLAMMATORY_RESPONSE	133396
GOBP_INFLAMMATORY_RESPONSE	90865
GOBP_INFLAMMATORY_RESPONSE	146433
GOBP_INFLAMMATORY_RESPONSE	27179
GOBP_INFLAMMATORY_RESPONSE	27177
GOBP_INFLAMMATORY_RESPONSE	56300
GOBP_INFLAMMATORY_RESPONSE	26525
GOBP_INFLAMMATORY_RESPONSE	27178
GOBP_INFLAMMATORY_RESPONSE	3565
GOBP_INFLAMMATORY_RESPONSE	3566
GOBP_INFLAMMATORY_RESPONSE	3567
GOBP_INFLAMMATORY_RESPONSE	3568
GOBP_INFLAMMATORY_RESPONSE	3569
GOBP_INFLAMMATORY_RESPONSE	3570
GOBP_INFLAMMATORY_RESPONSE	3572
GOBP_INFLAMMATORY_RESPONSE	3578
GOBP_INFLAMMATORY_RESPONSE	3630
GOBP_INFLAMMATORY_RESPONSE	3656
GOBP_INFLAMMATORY_RESPONSE	3661
GOBP_INFLAMMATORY_RESPONSE	3663
GOBP_INFLAMMATORY_RESPONSE	345611
GOBP_INFLAMMATORY_RESPONSE	3670
GOBP_INFLAMMATORY_RESPONSE	83737
GOBP_INFLAMMATORY_RESPONSE	3673
GOBP_INFLAMMATORY_RESPONSE	3683
GOBP_INFLAMMATORY_RESPONSE	3688
GOBP_INFLAMMATORY_RESPONSE	3689
GOBP_INFLAMMATORY_RESPONSE	3694
GOBP_INFLAMMATORY_RESPONSE	3700
GOBP_INFLAMMATORY_RESPONSE	3717
GOBP_INFLAMMATORY_RESPONSE	83700
GOBP_INFLAMMATORY_RESPONSE	3735
GOBP_INFLAMMATORY_RESPONSE	23135
GOBP_INFLAMMATORY_RESPONSE	3815
GOBP_INFLAMMATORY_RESPONSE	9365
GOBP_INFLAMMATORY_RESPONSE	9314
GOBP_INFLAMMATORY_RESPONSE	3818
GOBP_INFLAMMATORY_RESPONSE	10219
GOBP_INFLAMMATORY_RESPONSE	3827
GOBP_INFLAMMATORY_RESPONSE	23633
GOBP_INFLAMMATORY_RESPONSE	3848
GOBP_INFLAMMATORY_RESPONSE	3868
GOBP_INFLAMMATORY_RESPONSE	144811
GOBP_INFLAMMATORY_RESPONSE	27040
GOBP_INFLAMMATORY_RESPONSE	3929
GOBP_INFLAMMATORY_RESPONSE	3949
GOBP_INFLAMMATORY_RESPONSE	3952
GOBP_INFLAMMATORY_RESPONSE	3956
GOBP_INFLAMMATORY_RESPONSE	3965
GOBP_INFLAMMATORY_RESPONSE	11019
GOBP_INFLAMMATORY_RESPONSE	353514
GOBP_INFLAMMATORY_RESPONSE	353514
GOBP_INFLAMMATORY_RESPONSE	353514
GOBP_INFLAMMATORY_RESPONSE	353514
GOBP_INFLAMMATORY_RESPONSE	353514
GOBP_INFLAMMATORY_RESPONSE	11006
GOBP_INFLAMMATORY_RESPONSE	11006
GOBP_INFLAMMATORY_RESPONSE	11006
GOBP_INFLAMMATORY_RESPONSE	11006
GOBP_INFLAMMATORY_RESPONSE	11006
GOBP_INFLAMMATORY_RESPONSE	3988
GOBP_INFLAMMATORY_RESPONSE	84695
GOBP_INFLAMMATORY_RESPONSE	10162
GOBP_INFLAMMATORY_RESPONSE	4023
GOBP_INFLAMMATORY_RESPONSE	145581
GOBP_INFLAMMATORY_RESPONSE	64922
GOBP_INFLAMMATORY_RESPONSE	120892
GOBP_INFLAMMATORY_RESPONSE	4049
GOBP_INFLAMMATORY_RESPONSE	4049
GOBP_INFLAMMATORY_RESPONSE	4049
GOBP_INFLAMMATORY_RESPONSE	4049
GOBP_INFLAMMATORY_RESPONSE	4049
GOBP_INFLAMMATORY_RESPONSE	4049
GOBP_INFLAMMATORY_RESPONSE	4049
GOBP_INFLAMMATORY_RESPONSE	1241
GOBP_INFLAMMATORY_RESPONSE	1241
GOBP_INFLAMMATORY_RESPONSE	56413
GOBP_INFLAMMATORY_RESPONSE	56413
GOBP_INFLAMMATORY_RESPONSE	56925
GOBP_INFLAMMATORY_RESPONSE	4065
GOBP_INFLAMMATORY_RESPONSE	9450
GOBP_INFLAMMATORY_RESPONSE	23643
GOBP_INFLAMMATORY_RESPONSE	4067
GOBP_INFLAMMATORY_RESPONSE	4069
GOBP_INFLAMMATORY_RESPONSE	90355
GOBP_INFLAMMATORY_RESPONSE	5606
GOBP_INFLAMMATORY_RESPONSE	5603
GOBP_INFLAMMATORY_RESPONSE	1432
GOBP_INFLAMMATORY_RESPONSE	5598
GOBP_INFLAMMATORY_RESPONSE	9261
GOBP_INFLAMMATORY_RESPONSE	4142
GOBP_INFLAMMATORY_RESPONSE	4153
GOBP_INFLAMMATORY_RESPONSE	79648
GOBP_INFLAMMATORY_RESPONSE	79648
GOBP_INFLAMMATORY_RESPONSE	4192
GOBP_INFLAMMATORY_RESPONSE	4210
GOBP_INFLAMMATORY_RESPONSE	4225
GOBP_INFLAMMATORY_RESPONSE	284207
GOBP_INFLAMMATORY_RESPONSE	284207
GOBP_INFLAMMATORY_RESPONSE	9258
GOBP_INFLAMMATORY_RESPONSE	9258
GOBP_INFLAMMATORY_RESPONSE	11343
GOBP_INFLAMMATORY_RESPONSE	4258
GOBP_INFLAMMATORY_RESPONSE	4282
GOBP_INFLAMMATORY_RESPONSE	4282
GOBP_INFLAMMATORY_RESPONSE	406897
GOBP_INFLAMMATORY_RESPONSE	406910
GOBP_INFLAMMATORY_RESPONSE	406913
GOBP_INFLAMMATORY_RESPONSE	406915
GOBP_INFLAMMATORY_RESPONSE	406917
GOBP_INFLAMMATORY_RESPONSE	406925
GOBP_INFLAMMATORY_RESPONSE	406927
GOBP_INFLAMMATORY_RESPONSE	406929
GOBP_INFLAMMATORY_RESPONSE	406932
GOBP_INFLAMMATORY_RESPONSE	406933
GOBP_INFLAMMATORY_RESPONSE	406934
GOBP_INFLAMMATORY_RESPONSE	406936
GOBP_INFLAMMATORY_RESPONSE	406937
GOBP_INFLAMMATORY_RESPONSE	406938
GOBP_INFLAMMATORY_RESPONSE	406941
GOBP_INFLAMMATORY_RESPONSE	406948
GOBP_INFLAMMATORY_RESPONSE	406949
GOBP_INFLAMMATORY_RESPONSE	406950
GOBP_INFLAMMATORY_RESPONSE	406952
GOBP_INFLAMMATORY_RESPONSE	406954
GOBP_INFLAMMATORY_RESPONSE	406955
GOBP_INFLAMMATORY_RESPONSE	406957
GOBP_INFLAMMATORY_RESPONSE	406957
GOBP_INFLAMMATORY_RESPONSE	406963
GOBP_INFLAMMATORY_RESPONSE	406971
GOBP_INFLAMMATORY_RESPONSE	406974
GOBP_INFLAMMATORY_RESPONSE	406976
GOBP_INFLAMMATORY_RESPONSE	406979
GOBP_INFLAMMATORY_RESPONSE	406980
GOBP_INFLAMMATORY_RESPONSE	406986
GOBP_INFLAMMATORY_RESPONSE	406987
GOBP_INFLAMMATORY_RESPONSE	406988
GOBP_INFLAMMATORY_RESPONSE	406989
GOBP_INFLAMMATORY_RESPONSE	406982
GOBP_INFLAMMATORY_RESPONSE	406991
GOBP_INFLAMMATORY_RESPONSE	407004
GOBP_INFLAMMATORY_RESPONSE	407006
GOBP_INFLAMMATORY_RESPONSE	407007
GOBP_INFLAMMATORY_RESPONSE	407008
GOBP_INFLAMMATORY_RESPONSE	407015
GOBP_INFLAMMATORY_RESPONSE	407032
GOBP_INFLAMMATORY_RESPONSE	407035
GOBP_INFLAMMATORY_RESPONSE	442898
GOBP_INFLAMMATORY_RESPONSE	442906
GOBP_INFLAMMATORY_RESPONSE	494323
GOBP_INFLAMMATORY_RESPONSE	494327
GOBP_INFLAMMATORY_RESPONSE	100500826
GOBP_INFLAMMATORY_RESPONSE	574441
GOBP_INFLAMMATORY_RESPONSE	693175
GOBP_INFLAMMATORY_RESPONSE	724027
GOBP_INFLAMMATORY_RESPONSE	100033819
GOBP_INFLAMMATORY_RESPONSE	100033819
GOBP_INFLAMMATORY_RESPONSE	102465524
GOBP_INFLAMMATORY_RESPONSE	768218
GOBP_INFLAMMATORY_RESPONSE	100126320
GOBP_INFLAMMATORY_RESPONSE	407048
GOBP_INFLAMMATORY_RESPONSE	407050
GOBP_INFLAMMATORY_RESPONSE	407054
GOBP_INFLAMMATORY_RESPONSE	406890
GOBP_INFLAMMATORY_RESPONSE	23609
GOBP_INFLAMMATORY_RESPONSE	64386
GOBP_INFLAMMATORY_RESPONSE	56547
GOBP_INFLAMMATORY_RESPONSE	4314
GOBP_INFLAMMATORY_RESPONSE	4317
GOBP_INFLAMMATORY_RESPONSE	4318
GOBP_INFLAMMATORY_RESPONSE	259249
GOBP_INFLAMMATORY_RESPONSE	2206
GOBP_INFLAMMATORY_RESPONSE	692094
GOBP_INFLAMMATORY_RESPONSE	2475
GOBP_INFLAMMATORY_RESPONSE	4598
GOBP_INFLAMMATORY_RESPONSE	4615
GOBP_INFLAMMATORY_RESPONSE	91807
GOBP_INFLAMMATORY_RESPONSE	4671
GOBP_INFLAMMATORY_RESPONSE	4671
GOBP_INFLAMMATORY_RESPONSE	4671
GOBP_INFLAMMATORY_RESPONSE	222236
GOBP_INFLAMMATORY_RESPONSE	222236
GOBP_INFLAMMATORY_RESPONSE	653361
GOBP_INFLAMMATORY_RESPONSE	259197
GOBP_INFLAMMATORY_RESPONSE	259197
GOBP_INFLAMMATORY_RESPONSE	259197
GOBP_INFLAMMATORY_RESPONSE	259197
GOBP_INFLAMMATORY_RESPONSE	259197
GOBP_INFLAMMATORY_RESPONSE	259197
GOBP_INFLAMMATORY_RESPONSE	259197
GOBP_INFLAMMATORY_RESPONSE	259197
GOBP_INFLAMMATORY_RESPONSE	80762
GOBP_INFLAMMATORY_RESPONSE	3340
GOBP_INFLAMMATORY_RESPONSE	283131
GOBP_INFLAMMATORY_RESPONSE	150372
GOBP_INFLAMMATORY_RESPONSE	4775
GOBP_INFLAMMATORY_RESPONSE	4776
GOBP_INFLAMMATORY_RESPONSE	4776
GOBP_INFLAMMATORY_RESPONSE	4780
GOBP_INFLAMMATORY_RESPONSE	4790
GOBP_INFLAMMATORY_RESPONSE	4792
GOBP_INFLAMMATORY_RESPONSE	4793
GOBP_INFLAMMATORY_RESPONSE	4793
GOBP_INFLAMMATORY_RESPONSE	84807
GOBP_INFLAMMATORY_RESPONSE	64332
GOBP_INFLAMMATORY_RESPONSE	4799
GOBP_INFLAMMATORY_RESPONSE	4814
GOBP_INFLAMMATORY_RESPONSE	4818
GOBP_INFLAMMATORY_RESPONSE	28511
GOBP_INFLAMMATORY_RESPONSE	197358
GOBP_INFLAMMATORY_RESPONSE	58484
GOBP_INFLAMMATORY_RESPONSE	22861
GOBP_INFLAMMATORY_RESPONSE	338322
GOBP_INFLAMMATORY_RESPONSE	338322
GOBP_INFLAMMATORY_RESPONSE	338322
GOBP_INFLAMMATORY_RESPONSE	91662
GOBP_INFLAMMATORY_RESPONSE	55655
GOBP_INFLAMMATORY_RESPONSE	55655
GOBP_INFLAMMATORY_RESPONSE	55655
GOBP_INFLAMMATORY_RESPONSE	55655
GOBP_INFLAMMATORY_RESPONSE	55655
GOBP_INFLAMMATORY_RESPONSE	55655
GOBP_INFLAMMATORY_RESPONSE	55655
GOBP_INFLAMMATORY_RESPONSE	55655
GOBP_INFLAMMATORY_RESPONSE	55655
GOBP_INFLAMMATORY_RESPONSE	55655
GOBP_INFLAMMATORY_RESPONSE	114548
GOBP_INFLAMMATORY_RESPONSE	147945
GOBP_INFLAMMATORY_RESPONSE	171389
GOBP_INFLAMMATORY_RESPONSE	199713
GOBP_INFLAMMATORY_RESPONSE	199713
GOBP_INFLAMMATORY_RESPONSE	199713
GOBP_INFLAMMATORY_RESPONSE	199713
GOBP_INFLAMMATORY_RESPONSE	199713
GOBP_INFLAMMATORY_RESPONSE	199713
GOBP_INFLAMMATORY_RESPONSE	199713
GOBP_INFLAMMATORY_RESPONSE	199713
GOBP_INFLAMMATORY_RESPONSE	199713
GOBP_INFLAMMATORY_RESPONSE	199713
GOBP_INFLAMMATORY_RESPONSE	338321
GOBP_INFLAMMATORY_RESPONSE	79671
GOBP_INFLAMMATORY_RESPONSE	9111
GOBP_INFLAMMATORY_RESPONSE	10392
GOBP_INFLAMMATORY_RESPONSE	64127
GOBP_INFLAMMATORY_RESPONSE	4843
GOBP_INFLAMMATORY_RESPONSE	4851
GOBP_INFLAMMATORY_RESPONSE	4853
GOBP_INFLAMMATORY_RESPONSE	27035
GOBP_INFLAMMATORY_RESPONSE	50507
GOBP_INFLAMMATORY_RESPONSE	4852
GOBP_INFLAMMATORY_RESPONSE	4889
GOBP_INFLAMMATORY_RESPONSE	9572
GOBP_INFLAMMATORY_RESPONSE	9975
GOBP_INFLAMMATORY_RESPONSE	10062
GOBP_INFLAMMATORY_RESPONSE	9971
GOBP_INFLAMMATORY_RESPONSE	375387
GOBP_INFLAMMATORY_RESPONSE	4907
GOBP_INFLAMMATORY_RESPONSE	26471
GOBP_INFLAMMATORY_RESPONSE	54959
GOBP_INFLAMMATORY_RESPONSE	4968
GOBP_INFLAMMATORY_RESPONSE	4973
GOBP_INFLAMMATORY_RESPONSE	4988
GOBP_INFLAMMATORY_RESPONSE	5004
GOBP_INFLAMMATORY_RESPONSE	5005
GOBP_INFLAMMATORY_RESPONSE	5008
GOBP_INFLAMMATORY_RESPONSE	9180
GOBP_INFLAMMATORY_RESPONSE	90268
GOBP_INFLAMMATORY_RESPONSE	5023
GOBP_INFLAMMATORY_RESPONSE	5027
GOBP_INFLAMMATORY_RESPONSE	11315
GOBP_INFLAMMATORY_RESPONSE	143
GOBP_INFLAMMATORY_RESPONSE	55872
GOBP_INFLAMMATORY_RESPONSE	57326
GOBP_INFLAMMATORY_RESPONSE	27250
GOBP_INFLAMMATORY_RESPONSE	5138
GOBP_INFLAMMATORY_RESPONSE	5187
GOBP_INFLAMMATORY_RESPONSE	5196
GOBP_INFLAMMATORY_RESPONSE	5197
GOBP_INFLAMMATORY_RESPONSE	8993
GOBP_INFLAMMATORY_RESPONSE	114770
GOBP_INFLAMMATORY_RESPONSE	118788
GOBP_INFLAMMATORY_RESPONSE	5293
GOBP_INFLAMMATORY_RESPONSE	5294
GOBP_INFLAMMATORY_RESPONSE	9867
GOBP_INFLAMMATORY_RESPONSE	8399
GOBP_INFLAMMATORY_RESPONSE	8399
GOBP_INFLAMMATORY_RESPONSE	5320
GOBP_INFLAMMATORY_RESPONSE	26279
GOBP_INFLAMMATORY_RESPONSE	30814
GOBP_INFLAMMATORY_RESPONSE	50487
GOBP_INFLAMMATORY_RESPONSE	100137049
GOBP_INFLAMMATORY_RESPONSE	8605
GOBP_INFLAMMATORY_RESPONSE	7941
GOBP_INFLAMMATORY_RESPONSE	9373
GOBP_INFLAMMATORY_RESPONSE	5335
GOBP_INFLAMMATORY_RESPONSE	5336
GOBP_INFLAMMATORY_RESPONSE	23646
GOBP_INFLAMMATORY_RESPONSE	122618
GOBP_INFLAMMATORY_RESPONSE	55848
GOBP_INFLAMMATORY_RESPONSE	10769
GOBP_INFLAMMATORY_RESPONSE	5354
GOBP_INFLAMMATORY_RESPONSE	5359
GOBP_INFLAMMATORY_RESPONSE	9240
GOBP_INFLAMMATORY_RESPONSE	5423
GOBP_INFLAMMATORY_RESPONSE	5465
GOBP_INFLAMMATORY_RESPONSE	5467
GOBP_INFLAMMATORY_RESPONSE	5468
GOBP_INFLAMMATORY_RESPONSE	5473
GOBP_INFLAMMATORY_RESPONSE	5547
GOBP_INFLAMMATORY_RESPONSE	7001
GOBP_INFLAMMATORY_RESPONSE	25824
GOBP_INFLAMMATORY_RESPONSE	5580
GOBP_INFLAMMATORY_RESPONSE	5588
GOBP_INFLAMMATORY_RESPONSE	5590
GOBP_INFLAMMATORY_RESPONSE	5587
GOBP_INFLAMMATORY_RESPONSE	5624
GOBP_INFLAMMATORY_RESPONSE	60675
GOBP_INFLAMMATORY_RESPONSE	5678
GOBP_INFLAMMATORY_RESPONSE	5682
GOBP_INFLAMMATORY_RESPONSE	5687
GOBP_INFLAMMATORY_RESPONSE	5692
GOBP_INFLAMMATORY_RESPONSE	9051
GOBP_INFLAMMATORY_RESPONSE	5724
GOBP_INFLAMMATORY_RESPONSE	5729
GOBP_INFLAMMATORY_RESPONSE	5731
GOBP_INFLAMMATORY_RESPONSE	5732
GOBP_INFLAMMATORY_RESPONSE	5733
GOBP_INFLAMMATORY_RESPONSE	5734
GOBP_INFLAMMATORY_RESPONSE	9536
GOBP_INFLAMMATORY_RESPONSE	5737
GOBP_INFLAMMATORY_RESPONSE	5739
GOBP_INFLAMMATORY_RESPONSE	5740
GOBP_INFLAMMATORY_RESPONSE	5742
GOBP_INFLAMMATORY_RESPONSE	5743
GOBP_INFLAMMATORY_RESPONSE	5764
GOBP_INFLAMMATORY_RESPONSE	5771
GOBP_INFLAMMATORY_RESPONSE	5788
GOBP_INFLAMMATORY_RESPONSE	5788
GOBP_INFLAMMATORY_RESPONSE	5806
GOBP_INFLAMMATORY_RESPONSE	54899
GOBP_INFLAMMATORY_RESPONSE	29108
GOBP_INFLAMMATORY_RESPONSE	152138
GOBP_INFLAMMATORY_RESPONSE	27342
GOBP_INFLAMMATORY_RESPONSE	5879
GOBP_INFLAMMATORY_RESPONSE	5919
GOBP_INFLAMMATORY_RESPONSE	10125
GOBP_INFLAMMATORY_RESPONSE	5925
GOBP_INFLAMMATORY_RESPONSE	3516
GOBP_INFLAMMATORY_RESPONSE	5068
GOBP_INFLAMMATORY_RESPONSE	130120
GOBP_INFLAMMATORY_RESPONSE	5966
GOBP_INFLAMMATORY_RESPONSE	5970
GOBP_INFLAMMATORY_RESPONSE	5971
GOBP_INFLAMMATORY_RESPONSE	25807
GOBP_INFLAMMATORY_RESPONSE	79651
GOBP_INFLAMMATORY_RESPONSE	253260
GOBP_INFLAMMATORY_RESPONSE	8737
GOBP_INFLAMMATORY_RESPONSE	8767
GOBP_INFLAMMATORY_RESPONSE	6095
GOBP_INFLAMMATORY_RESPONSE	6223
GOBP_INFLAMMATORY_RESPONSE	8986
GOBP_INFLAMMATORY_RESPONSE	9252
GOBP_INFLAMMATORY_RESPONSE	6283
GOBP_INFLAMMATORY_RESPONSE	6279
GOBP_INFLAMMATORY_RESPONSE	6280
GOBP_INFLAMMATORY_RESPONSE	1903
GOBP_INFLAMMATORY_RESPONSE	6288
GOBP_INFLAMMATORY_RESPONSE	6288
GOBP_INFLAMMATORY_RESPONSE	6289
GOBP_INFLAMMATORY_RESPONSE	6291
GOBP_INFLAMMATORY_RESPONSE	22904
GOBP_INFLAMMATORY_RESPONSE	22904
GOBP_INFLAMMATORY_RESPONSE	7857
GOBP_INFLAMMATORY_RESPONSE	7356
GOBP_INFLAMMATORY_RESPONSE	6335
GOBP_INFLAMMATORY_RESPONSE	6338
GOBP_INFLAMMATORY_RESPONSE	80274
GOBP_INFLAMMATORY_RESPONSE	57410
GOBP_INFLAMMATORY_RESPONSE	57147
GOBP_INFLAMMATORY_RESPONSE	6382
GOBP_INFLAMMATORY_RESPONSE	6401
GOBP_INFLAMMATORY_RESPONSE	55829
GOBP_INFLAMMATORY_RESPONSE	6403
GOBP_INFLAMMATORY_RESPONSE	8482
GOBP_INFLAMMATORY_RESPONSE	8482
GOBP_INFLAMMATORY_RESPONSE	5265
GOBP_INFLAMMATORY_RESPONSE	5265
GOBP_INFLAMMATORY_RESPONSE	12
GOBP_INFLAMMATORY_RESPONSE	5054
GOBP_INFLAMMATORY_RESPONSE	5176
GOBP_INFLAMMATORY_RESPONSE	5176
GOBP_INFLAMMATORY_RESPONSE	5345
GOBP_INFLAMMATORY_RESPONSE	5345
GOBP_INFLAMMATORY_RESPONSE	54093
GOBP_INFLAMMATORY_RESPONSE	79918
GOBP_INFLAMMATORY_RESPONSE	81858
GOBP_INFLAMMATORY_RESPONSE	23729
GOBP_INFLAMMATORY_RESPONSE	59307
GOBP_INFLAMMATORY_RESPONSE	6614
GOBP_INFLAMMATORY_RESPONSE	89790
GOBP_INFLAMMATORY_RESPONSE	140885
GOBP_INFLAMMATORY_RESPONSE	6504
GOBP_INFLAMMATORY_RESPONSE	56833
GOBP_INFLAMMATORY_RESPONSE	6556
GOBP_INFLAMMATORY_RESPONSE	4086
GOBP_INFLAMMATORY_RESPONSE	4088
GOBP_INFLAMMATORY_RESPONSE	27293
GOBP_INFLAMMATORY_RESPONSE	8773
GOBP_INFLAMMATORY_RESPONSE	6622
GOBP_INFLAMMATORY_RESPONSE	8723
GOBP_INFLAMMATORY_RESPONSE	58533
GOBP_INFLAMMATORY_RESPONSE	9021
GOBP_INFLAMMATORY_RESPONSE	9655
GOBP_INFLAMMATORY_RESPONSE	6647
GOBP_INFLAMMATORY_RESPONSE	9825
GOBP_INFLAMMATORY_RESPONSE	8877
GOBP_INFLAMMATORY_RESPONSE	6696
GOBP_INFLAMMATORY_RESPONSE	6714
GOBP_INFLAMMATORY_RESPONSE	23166
GOBP_INFLAMMATORY_RESPONSE	26228
GOBP_INFLAMMATORY_RESPONSE	6774
GOBP_INFLAMMATORY_RESPONSE	6777
GOBP_INFLAMMATORY_RESPONSE	340061
GOBP_INFLAMMATORY_RESPONSE	340061
GOBP_INFLAMMATORY_RESPONSE	27347
GOBP_INFLAMMATORY_RESPONSE	56670
GOBP_INFLAMMATORY_RESPONSE	6850
GOBP_INFLAMMATORY_RESPONSE	23208
GOBP_INFLAMMATORY_RESPONSE	6863
GOBP_INFLAMMATORY_RESPONSE	255061
GOBP_INFLAMMATORY_RESPONSE	6869
GOBP_INFLAMMATORY_RESPONSE	284467
GOBP_INFLAMMATORY_RESPONSE	29110
GOBP_INFLAMMATORY_RESPONSE	6915
GOBP_INFLAMMATORY_RESPONSE	10312
GOBP_INFLAMMATORY_RESPONSE	7010
GOBP_INFLAMMATORY_RESPONSE	7036
GOBP_INFLAMMATORY_RESPONSE	7037
GOBP_INFLAMMATORY_RESPONSE	7040
GOBP_INFLAMMATORY_RESPONSE	7057
GOBP_INFLAMMATORY_RESPONSE	9473
GOBP_INFLAMMATORY_RESPONSE	148022
GOBP_INFLAMMATORY_RESPONSE	353376
GOBP_INFLAMMATORY_RESPONSE	7076
GOBP_INFLAMMATORY_RESPONSE	114609
GOBP_INFLAMMATORY_RESPONSE	7096
GOBP_INFLAMMATORY_RESPONSE	81793
GOBP_INFLAMMATORY_RESPONSE	7097
GOBP_INFLAMMATORY_RESPONSE	7098
GOBP_INFLAMMATORY_RESPONSE	7099
GOBP_INFLAMMATORY_RESPONSE	7100
GOBP_INFLAMMATORY_RESPONSE	10333
GOBP_INFLAMMATORY_RESPONSE	51284
GOBP_INFLAMMATORY_RESPONSE	51311
GOBP_INFLAMMATORY_RESPONSE	54106
GOBP_INFLAMMATORY_RESPONSE	57413
GOBP_INFLAMMATORY_RESPONSE	7114
GOBP_INFLAMMATORY_RESPONSE	7124
GOBP_INFLAMMATORY_RESPONSE	7124
GOBP_INFLAMMATORY_RESPONSE	7124
GOBP_INFLAMMATORY_RESPONSE	7124
GOBP_INFLAMMATORY_RESPONSE	7124
GOBP_INFLAMMATORY_RESPONSE	7124
GOBP_INFLAMMATORY_RESPONSE	7124
GOBP_INFLAMMATORY_RESPONSE	7124
GOBP_INFLAMMATORY_RESPONSE	7128
GOBP_INFLAMMATORY_RESPONSE	7130
GOBP_INFLAMMATORY_RESPONSE	79626
GOBP_INFLAMMATORY_RESPONSE	8792
GOBP_INFLAMMATORY_RESPONSE	7132
GOBP_INFLAMMATORY_RESPONSE	7133
GOBP_INFLAMMATORY_RESPONSE	7293
GOBP_INFLAMMATORY_RESPONSE	8600
GOBP_INFLAMMATORY_RESPONSE	7292
GOBP_INFLAMMATORY_RESPONSE	10318
GOBP_INFLAMMATORY_RESPONSE	79155
GOBP_INFLAMMATORY_RESPONSE	79931
GOBP_INFLAMMATORY_RESPONSE	54472
GOBP_INFLAMMATORY_RESPONSE	8460
GOBP_INFLAMMATORY_RESPONSE	8717
GOBP_INFLAMMATORY_RESPONSE	10758
GOBP_INFLAMMATORY_RESPONSE	54210
GOBP_INFLAMMATORY_RESPONSE	54209
GOBP_INFLAMMATORY_RESPONSE	11277
GOBP_INFLAMMATORY_RESPONSE	9865
GOBP_INFLAMMATORY_RESPONSE	84675
GOBP_INFLAMMATORY_RESPONSE	7442
GOBP_INFLAMMATORY_RESPONSE	59341
GOBP_INFLAMMATORY_RESPONSE	85480
GOBP_INFLAMMATORY_RESPONSE	10100
GOBP_INFLAMMATORY_RESPONSE	84630
GOBP_INFLAMMATORY_RESPONSE	11334
GOBP_INFLAMMATORY_RESPONSE	7301
GOBP_INFLAMMATORY_RESPONSE	7349
GOBP_INFLAMMATORY_RESPONSE	23376
GOBP_INFLAMMATORY_RESPONSE	54658
GOBP_INFLAMMATORY_RESPONSE	201294
GOBP_INFLAMMATORY_RESPONSE	11274
GOBP_INFLAMMATORY_RESPONSE	6844
GOBP_INFLAMMATORY_RESPONSE	9341
GOBP_INFLAMMATORY_RESPONSE	6845
GOBP_INFLAMMATORY_RESPONSE	8673
GOBP_INFLAMMATORY_RESPONSE	7412
GOBP_INFLAMMATORY_RESPONSE	8876
GOBP_INFLAMMATORY_RESPONSE	55737
GOBP_INFLAMMATORY_RESPONSE	84292
GOBP_INFLAMMATORY_RESPONSE	58189
GOBP_INFLAMMATORY_RESPONSE	7474
GOBP_INFLAMMATORY_RESPONSE	6375
GOBP_INFLAMMATORY_RESPONSE	6846
GOBP_INFLAMMATORY_RESPONSE	2829
GOBP_INFLAMMATORY_RESPONSE	331
GOBP_INFLAMMATORY_RESPONSE	7525
GOBP_INFLAMMATORY_RESPONSE	81030
GOBP_INFLAMMATORY_RESPONSE	80149
GOBP_INFLAMMATORY_RESPONSE	7538
GOBP_INFLAMMATORY_RESPONSE	51157
GOBP_INFLAMMATORY_RESPONSE	7784
GOBP_INFLAMMATORY_RESPONSE	7791
GOBP_INFLAMMATORY_RESPONSE	7791
WP_CELLS_AND_MOLECULES_INVOLVED_IN_LOCAL_ACUTE_INFLAMMATORY_RESPONSE	718
WP_CELLS_AND_MOLECULES_INVOLVED_IN_LOCAL_ACUTE_INFLAMMATORY_RESPONSE	727
WP_CELLS_AND_MOLECULES_INVOLVED_IN_LOCAL_ACUTE_INFLAMMATORY_RESPONSE	729
WP_CELLS_AND_MOLECULES_INVOLVED_IN_LOCAL_ACUTE_INFLAMMATORY_RESPONSE	730
WP_CELLS_AND_MOLECULES_INVOLVED_IN_LOCAL_ACUTE_INFLAMMATORY_RESPONSE	3576
WP_CELLS_AND_MOLECULES_INVOLVED_IN_LOCAL_ACUTE_INFLAMMATORY_RESPONSE	3383
WP_CELLS_AND_MOLECULES_INVOLVED_IN_LOCAL_ACUTE_INFLAMMATORY_RESPONSE	3552
WP_CELLS_AND_MOLECULES_INVOLVED_IN_LOCAL_ACUTE_INFLAMMATORY_RESPONSE	3569
WP_CELLS_AND_MOLECULES_INVOLVED_IN_LOCAL_ACUTE_INFLAMMATORY_RESPONSE	3676
WP_CELLS_AND_MOLECULES_INVOLVED_IN_LOCAL_ACUTE_INFLAMMATORY_RESPONSE	3683
WP_CELLS_AND_MOLECULES_INVOLVED_IN_LOCAL_ACUTE_INFLAMMATORY_RESPONSE	3688
WP_CELLS_AND_MOLECULES_INVOLVED_IN_LOCAL_ACUTE_INFLAMMATORY_RESPONSE	3689
WP_CELLS_AND_MOLECULES_INVOLVED_IN_LOCAL_ACUTE_INFLAMMATORY_RESPONSE	3827
WP_CELLS_AND_MOLECULES_INVOLVED_IN_LOCAL_ACUTE_INFLAMMATORY_RESPONSE	6403
WP_CELLS_AND_MOLECULES_INVOLVED_IN_LOCAL_ACUTE_INFLAMMATORY_RESPONSE	6404
WP_CELLS_AND_MOLECULES_INVOLVED_IN_LOCAL_ACUTE_INFLAMMATORY_RESPONSE	7124
WP_CELLS_AND_MOLECULES_INVOLVED_IN_LOCAL_ACUTE_INFLAMMATORY_RESPONSE	7124
WP_CELLS_AND_MOLECULES_INVOLVED_IN_LOCAL_ACUTE_INFLAMMATORY_RESPONSE	7124
WP_CELLS_AND_MOLECULES_INVOLVED_IN_LOCAL_ACUTE_INFLAMMATORY_RESPONSE	7124
WP_CELLS_AND_MOLECULES_INVOLVED_IN_LOCAL_ACUTE_INFLAMMATORY_RESPONSE	7124
WP_CELLS_AND_MOLECULES_INVOLVED_IN_LOCAL_ACUTE_INFLAMMATORY_RESPONSE	7124
WP_CELLS_AND_MOLECULES_INVOLVED_IN_LOCAL_ACUTE_INFLAMMATORY_RESPONSE	7124
WP_CELLS_AND_MOLECULES_INVOLVED_IN_LOCAL_ACUTE_INFLAMMATORY_RESPONSE	7124
WP_CELLS_AND_MOLECULES_INVOLVED_IN_LOCAL_ACUTE_INFLAMMATORY_RESPONSE	7412
WP_CYTOKINES_AND_INFLAMMATORY_RESPONSE	920
WP_CYTOKINES_AND_INFLAMMATORY_RESPONSE	1435
WP_CYTOKINES_AND_INFLAMMATORY_RESPONSE	1437
WP_CYTOKINES_AND_INFLAMMATORY_RESPONSE	1440
WP_CYTOKINES_AND_INFLAMMATORY_RESPONSE	2919
WP_CYTOKINES_AND_INFLAMMATORY_RESPONSE	2920
WP_CYTOKINES_AND_INFLAMMATORY_RESPONSE	3122
WP_CYTOKINES_AND_INFLAMMATORY_RESPONSE	3122
WP_CYTOKINES_AND_INFLAMMATORY_RESPONSE	3122
WP_CYTOKINES_AND_INFLAMMATORY_RESPONSE	3122
WP_CYTOKINES_AND_INFLAMMATORY_RESPONSE	3122
WP_CYTOKINES_AND_INFLAMMATORY_RESPONSE	3122
WP_CYTOKINES_AND_INFLAMMATORY_RESPONSE	3122
WP_CYTOKINES_AND_INFLAMMATORY_RESPONSE	3122
WP_CYTOKINES_AND_INFLAMMATORY_RESPONSE	3123
WP_CYTOKINES_AND_INFLAMMATORY_RESPONSE	3123
WP_CYTOKINES_AND_INFLAMMATORY_RESPONSE	3123
WP_CYTOKINES_AND_INFLAMMATORY_RESPONSE	3123
WP_CYTOKINES_AND_INFLAMMATORY_RESPONSE	3123
WP_CYTOKINES_AND_INFLAMMATORY_RESPONSE	3123
WP_CYTOKINES_AND_INFLAMMATORY_RESPONSE	3456
WP_CYTOKINES_AND_INFLAMMATORY_RESPONSE	3458
WP_CYTOKINES_AND_INFLAMMATORY_RESPONSE	3586
WP_CYTOKINES_AND_INFLAMMATORY_RESPONSE	3589
WP_CYTOKINES_AND_INFLAMMATORY_RESPONSE	3593
WP_CYTOKINES_AND_INFLAMMATORY_RESPONSE	3596
WP_CYTOKINES_AND_INFLAMMATORY_RESPONSE	3600
WP_CYTOKINES_AND_INFLAMMATORY_RESPONSE	3552
WP_CYTOKINES_AND_INFLAMMATORY_RESPONSE	3553
WP_CYTOKINES_AND_INFLAMMATORY_RESPONSE	3558
WP_CYTOKINES_AND_INFLAMMATORY_RESPONSE	3562
WP_CYTOKINES_AND_INFLAMMATORY_RESPONSE	3565
WP_CYTOKINES_AND_INFLAMMATORY_RESPONSE	3567
WP_CYTOKINES_AND_INFLAMMATORY_RESPONSE	3569
WP_CYTOKINES_AND_INFLAMMATORY_RESPONSE	3574
WP_CYTOKINES_AND_INFLAMMATORY_RESPONSE	5154
WP_CYTOKINES_AND_INFLAMMATORY_RESPONSE	7040
WP_CYTOKINES_AND_INFLAMMATORY_RESPONSE	7124
WP_CYTOKINES_AND_INFLAMMATORY_RESPONSE	7124
WP_CYTOKINES_AND_INFLAMMATORY_RESPONSE	7124
WP_CYTOKINES_AND_INFLAMMATORY_RESPONSE	7124
WP_CYTOKINES_AND_INFLAMMATORY_RESPONSE	7124
WP_CYTOKINES_AND_INFLAMMATORY_RESPONSE	7124
WP_CYTOKINES_AND_INFLAMMATORY_RESPONSE	7124
WP_CYTOKINES_AND_INFLAMMATORY_RESPONSE	7124
WP_INFLAMMATORY_RESPONSE_PATHWAY	940
WP_INFLAMMATORY_RESPONSE_PATHWAY	958
WP_INFLAMMATORY_RESPONSE_PATHWAY	959
WP_INFLAMMATORY_RESPONSE_PATHWAY	941
WP_INFLAMMATORY_RESPONSE_PATHWAY	942
WP_INFLAMMATORY_RESPONSE_PATHWAY	1277
WP_INFLAMMATORY_RESPONSE_PATHWAY	1278
WP_INFLAMMATORY_RESPONSE_PATHWAY	1281
WP_INFLAMMATORY_RESPONSE_PATHWAY	2335
WP_INFLAMMATORY_RESPONSE_PATHWAY	3458
WP_INFLAMMATORY_RESPONSE_PATHWAY	3558
WP_INFLAMMATORY_RESPONSE_PATHWAY	3559
WP_INFLAMMATORY_RESPONSE_PATHWAY	3560
WP_INFLAMMATORY_RESPONSE_PATHWAY	3561
WP_INFLAMMATORY_RESPONSE_PATHWAY	3565
WP_INFLAMMATORY_RESPONSE_PATHWAY	3566
WP_INFLAMMATORY_RESPONSE_PATHWAY	3567
WP_INFLAMMATORY_RESPONSE_PATHWAY	3568
WP_INFLAMMATORY_RESPONSE_PATHWAY	3911
WP_INFLAMMATORY_RESPONSE_PATHWAY	3912
WP_INFLAMMATORY_RESPONSE_PATHWAY	3913
WP_INFLAMMATORY_RESPONSE_PATHWAY	3915
WP_INFLAMMATORY_RESPONSE_PATHWAY	3918
WP_INFLAMMATORY_RESPONSE_PATHWAY	3932
WP_INFLAMMATORY_RESPONSE_PATHWAY	100500837
WP_INFLAMMATORY_RESPONSE_PATHWAY	100616340
WP_INFLAMMATORY_RESPONSE_PATHWAY	102465836
WP_INFLAMMATORY_RESPONSE_PATHWAY	7057
WP_INFLAMMATORY_RESPONSE_PATHWAY	7059
WP_INFLAMMATORY_RESPONSE_PATHWAY	7132
WP_INFLAMMATORY_RESPONSE_PATHWAY	7133
WP_INFLAMMATORY_RESPONSE_PATHWAY	7448
WP_INFLAMMATORY_RESPONSE_PATHWAY	7535
REACTOME_INFLAMMASOMES	9447
REACTOME_INFLAMMASOMES	351
REACTOME_INFLAMMASOMES	596
REACTOME_INFLAMMASOMES	598
REACTOME_INFLAMMASOMES	834
REACTOME_INFLAMMASOMES	3162
REACTOME_INFLAMMASOMES	3326
REACTOME_INFLAMMASOMES	4210
REACTOME_INFLAMMASOMES	4790
REACTOME_INFLAMMASOMES	4791
REACTOME_INFLAMMASOMES	58484
REACTOME_INFLAMMASOMES	22861
REACTOME_INFLAMMASOMES	114548
REACTOME_INFLAMMASOMES	5027
REACTOME_INFLAMMASOMES	24145
REACTOME_INFLAMMASOMES	9051
REACTOME_INFLAMMASOMES	29108
REACTOME_INFLAMMASOMES	5970
REACTOME_INFLAMMASOMES	10910
REACTOME_INFLAMMASOMES	7295
REACTOME_INFLAMMASOMES	10628
REACTOME_INTERFERON_SIGNALING	8086
REACTOME_INTERFERON_SIGNALING	6059
REACTOME_INTERFERON_SIGNALING	103
REACTOME_INTERFERON_SIGNALING	25820
REACTOME_INTERFERON_SIGNALING	567
REACTOME_INTERFERON_SIGNALING	567
REACTOME_INTERFERON_SIGNALING	684
REACTOME_INTERFERON_SIGNALING	815
REACTOME_INTERFERON_SIGNALING	816
REACTOME_INTERFERON_SIGNALING	817
REACTOME_INTERFERON_SIGNALING	818
REACTOME_INTERFERON_SIGNALING	960
REACTOME_INTERFERON_SIGNALING	4261
REACTOME_INTERFERON_SIGNALING	23586
REACTOME_INTERFERON_SIGNALING	1958
REACTOME_INTERFERON_SIGNALING	5610
REACTOME_INTERFERON_SIGNALING	1973
REACTOME_INTERFERON_SIGNALING	1974
REACTOME_INTERFERON_SIGNALING	9775
REACTOME_INTERFERON_SIGNALING	1977
REACTOME_INTERFERON_SIGNALING	9470
REACTOME_INTERFERON_SIGNALING	317649
REACTOME_INTERFERON_SIGNALING	1981
REACTOME_INTERFERON_SIGNALING	1982
REACTOME_INTERFERON_SIGNALING	8672
REACTOME_INTERFERON_SIGNALING	2209
REACTOME_INTERFERON_SIGNALING	2210
REACTOME_INTERFERON_SIGNALING	2316
REACTOME_INTERFERON_SIGNALING	2317
REACTOME_INTERFERON_SIGNALING	2633
REACTOME_INTERFERON_SIGNALING	2634
REACTOME_INTERFERON_SIGNALING	2635
REACTOME_INTERFERON_SIGNALING	115361
REACTOME_INTERFERON_SIGNALING	115362
REACTOME_INTERFERON_SIGNALING	163351
REACTOME_INTERFERON_SIGNALING	388646
REACTOME_INTERFERON_SIGNALING	51191
REACTOME_INTERFERON_SIGNALING	3105
REACTOME_INTERFERON_SIGNALING	3105
REACTOME_INTERFERON_SIGNALING	3105
REACTOME_INTERFERON_SIGNALING	3105
REACTOME_INTERFERON_SIGNALING	3105
REACTOME_INTERFERON_SIGNALING	3106
REACTOME_INTERFERON_SIGNALING	3106
REACTOME_INTERFERON_SIGNALING	3106
REACTOME_INTERFERON_SIGNALING	3106
REACTOME_INTERFERON_SIGNALING	3106
REACTOME_INTERFERON_SIGNALING	3106
REACTOME_INTERFERON_SIGNALING	3107
REACTOME_INTERFERON_SIGNALING	3107
REACTOME_INTERFERON_SIGNALING	3107
REACTOME_INTERFERON_SIGNALING	3107
REACTOME_INTERFERON_SIGNALING	3113
REACTOME_INTERFERON_SIGNALING	3113
REACTOME_INTERFERON_SIGNALING	3113
REACTOME_INTERFERON_SIGNALING	3113
REACTOME_INTERFERON_SIGNALING	3113
REACTOME_INTERFERON_SIGNALING	3113
REACTOME_INTERFERON_SIGNALING	3113
REACTOME_INTERFERON_SIGNALING	3113
REACTOME_INTERFERON_SIGNALING	3115
REACTOME_INTERFERON_SIGNALING	3115
REACTOME_INTERFERON_SIGNALING	3115
REACTOME_INTERFERON_SIGNALING	3115
REACTOME_INTERFERON_SIGNALING	3115
REACTOME_INTERFERON_SIGNALING	3115
REACTOME_INTERFERON_SIGNALING	3117
REACTOME_INTERFERON_SIGNALING	3117
REACTOME_INTERFERON_SIGNALING	3117
REACTOME_INTERFERON_SIGNALING	3118
REACTOME_INTERFERON_SIGNALING	3118
REACTOME_INTERFERON_SIGNALING	3118
REACTOME_INTERFERON_SIGNALING	3118
REACTOME_INTERFERON_SIGNALING	3118
REACTOME_INTERFERON_SIGNALING	3118
REACTOME_INTERFERON_SIGNALING	3118
REACTOME_INTERFERON_SIGNALING	3118
REACTOME_INTERFERON_SIGNALING	3119
REACTOME_INTERFERON_SIGNALING	3119
REACTOME_INTERFERON_SIGNALING	3119
REACTOME_INTERFERON_SIGNALING	3119
REACTOME_INTERFERON_SIGNALING	3120
REACTOME_INTERFERON_SIGNALING	3120
REACTOME_INTERFERON_SIGNALING	3120
REACTOME_INTERFERON_SIGNALING	3120
REACTOME_INTERFERON_SIGNALING	3120
REACTOME_INTERFERON_SIGNALING	3120
REACTOME_INTERFERON_SIGNALING	3120
REACTOME_INTERFERON_SIGNALING	3120
REACTOME_INTERFERON_SIGNALING	3122
REACTOME_INTERFERON_SIGNALING	3122
REACTOME_INTERFERON_SIGNALING	3122
REACTOME_INTERFERON_SIGNALING	3122
REACTOME_INTERFERON_SIGNALING	3122
REACTOME_INTERFERON_SIGNALING	3122
REACTOME_INTERFERON_SIGNALING	3122
REACTOME_INTERFERON_SIGNALING	3123
REACTOME_INTERFERON_SIGNALING	3123
REACTOME_INTERFERON_SIGNALING	3125
REACTOME_INTERFERON_SIGNALING	3125
REACTOME_INTERFERON_SIGNALING	3126
REACTOME_INTERFERON_SIGNALING	3126
REACTOME_INTERFERON_SIGNALING	3127
REACTOME_INTERFERON_SIGNALING	3133
REACTOME_INTERFERON_SIGNALING	3133
REACTOME_INTERFERON_SIGNALING	3133
REACTOME_INTERFERON_SIGNALING	3133
REACTOME_INTERFERON_SIGNALING	3133
REACTOME_INTERFERON_SIGNALING	3133
REACTOME_INTERFERON_SIGNALING	3133
REACTOME_INTERFERON_SIGNALING	3134
REACTOME_INTERFERON_SIGNALING	3134
REACTOME_INTERFERON_SIGNALING	3134
REACTOME_INTERFERON_SIGNALING	3134
REACTOME_INTERFERON_SIGNALING	3134
REACTOME_INTERFERON_SIGNALING	3134
REACTOME_INTERFERON_SIGNALING	3135
REACTOME_INTERFERON_SIGNALING	3135
REACTOME_INTERFERON_SIGNALING	3135
REACTOME_INTERFERON_SIGNALING	3135
REACTOME_INTERFERON_SIGNALING	3135
REACTOME_INTERFERON_SIGNALING	3135
REACTOME_INTERFERON_SIGNALING	3135
REACTOME_INTERFERON_SIGNALING	3135
REACTOME_INTERFERON_SIGNALING	3136
REACTOME_INTERFERON_SIGNALING	3383
REACTOME_INTERFERON_SIGNALING	3429
REACTOME_INTERFERON_SIGNALING	3429
REACTOME_INTERFERON_SIGNALING	10437
REACTOME_INTERFERON_SIGNALING	3430
REACTOME_INTERFERON_SIGNALING	2537
REACTOME_INTERFERON_SIGNALING	3434
REACTOME_INTERFERON_SIGNALING	3433
REACTOME_INTERFERON_SIGNALING	3437
REACTOME_INTERFERON_SIGNALING	24138
REACTOME_INTERFERON_SIGNALING	8519
REACTOME_INTERFERON_SIGNALING	10581
REACTOME_INTERFERON_SIGNALING	10410
REACTOME_INTERFERON_SIGNALING	3439
REACTOME_INTERFERON_SIGNALING	3446
REACTOME_INTERFERON_SIGNALING	3447
REACTOME_INTERFERON_SIGNALING	3448
REACTOME_INTERFERON_SIGNALING	3449
REACTOME_INTERFERON_SIGNALING	3451
REACTOME_INTERFERON_SIGNALING	3440
REACTOME_INTERFERON_SIGNALING	3452
REACTOME_INTERFERON_SIGNALING	3441
REACTOME_INTERFERON_SIGNALING	3442
REACTOME_INTERFERON_SIGNALING	3443
REACTOME_INTERFERON_SIGNALING	3444
REACTOME_INTERFERON_SIGNALING	3445
REACTOME_INTERFERON_SIGNALING	3454
REACTOME_INTERFERON_SIGNALING	3455
REACTOME_INTERFERON_SIGNALING	3456
REACTOME_INTERFERON_SIGNALING	3458
REACTOME_INTERFERON_SIGNALING	3459
REACTOME_INTERFERON_SIGNALING	3460
REACTOME_INTERFERON_SIGNALING	3460
REACTOME_INTERFERON_SIGNALING	51447
REACTOME_INTERFERON_SIGNALING	3659
REACTOME_INTERFERON_SIGNALING	3660
REACTOME_INTERFERON_SIGNALING	3661
REACTOME_INTERFERON_SIGNALING	3662
REACTOME_INTERFERON_SIGNALING	3663
REACTOME_INTERFERON_SIGNALING	3664
REACTOME_INTERFERON_SIGNALING	3665
REACTOME_INTERFERON_SIGNALING	3665
REACTOME_INTERFERON_SIGNALING	3394
REACTOME_INTERFERON_SIGNALING	10379
REACTOME_INTERFERON_SIGNALING	10379
REACTOME_INTERFERON_SIGNALING	9636
REACTOME_INTERFERON_SIGNALING	3669
REACTOME_INTERFERON_SIGNALING	3716
REACTOME_INTERFERON_SIGNALING	3717
REACTOME_INTERFERON_SIGNALING	3836
REACTOME_INTERFERON_SIGNALING	3838
REACTOME_INTERFERON_SIGNALING	3839
REACTOME_INTERFERON_SIGNALING	3840
REACTOME_INTERFERON_SIGNALING	3841
REACTOME_INTERFERON_SIGNALING	402569
REACTOME_INTERFERON_SIGNALING	402569
REACTOME_INTERFERON_SIGNALING	3837
REACTOME_INTERFERON_SIGNALING	5595
REACTOME_INTERFERON_SIGNALING	4281
REACTOME_INTERFERON_SIGNALING	4502
REACTOME_INTERFERON_SIGNALING	4599
REACTOME_INTERFERON_SIGNALING	4600
REACTOME_INTERFERON_SIGNALING	4684
REACTOME_INTERFERON_SIGNALING	55706
REACTOME_INTERFERON_SIGNALING	4734
REACTOME_INTERFERON_SIGNALING	57122
REACTOME_INTERFERON_SIGNALING	55746
REACTOME_INTERFERON_SIGNALING	9972
REACTOME_INTERFERON_SIGNALING	9631
REACTOME_INTERFERON_SIGNALING	23279
REACTOME_INTERFERON_SIGNALING	23511
REACTOME_INTERFERON_SIGNALING	23165
REACTOME_INTERFERON_SIGNALING	23225
REACTOME_INTERFERON_SIGNALING	8021
REACTOME_INTERFERON_SIGNALING	129401
REACTOME_INTERFERON_SIGNALING	79023
REACTOME_INTERFERON_SIGNALING	11097
REACTOME_INTERFERON_SIGNALING	348995
REACTOME_INTERFERON_SIGNALING	10762
REACTOME_INTERFERON_SIGNALING	53371
REACTOME_INTERFERON_SIGNALING	9818
REACTOME_INTERFERON_SIGNALING	23636
REACTOME_INTERFERON_SIGNALING	79902
REACTOME_INTERFERON_SIGNALING	4927
REACTOME_INTERFERON_SIGNALING	9688
REACTOME_INTERFERON_SIGNALING	4928
REACTOME_INTERFERON_SIGNALING	4938
REACTOME_INTERFERON_SIGNALING	4939
REACTOME_INTERFERON_SIGNALING	4940
REACTOME_INTERFERON_SIGNALING	8638
REACTOME_INTERFERON_SIGNALING	201626
REACTOME_INTERFERON_SIGNALING	8554
REACTOME_INTERFERON_SIGNALING	5300
REACTOME_INTERFERON_SIGNALING	5335
REACTOME_INTERFERON_SIGNALING	5371
REACTOME_INTERFERON_SIGNALING	9883
REACTOME_INTERFERON_SIGNALING	100101267
REACTOME_INTERFERON_SIGNALING	5495
REACTOME_INTERFERON_SIGNALING	5580
REACTOME_INTERFERON_SIGNALING	5696
REACTOME_INTERFERON_SIGNALING	5696
REACTOME_INTERFERON_SIGNALING	5696
REACTOME_INTERFERON_SIGNALING	5696
REACTOME_INTERFERON_SIGNALING	5696
REACTOME_INTERFERON_SIGNALING	5696
REACTOME_INTERFERON_SIGNALING	5696
REACTOME_INTERFERON_SIGNALING	5696
REACTOME_INTERFERON_SIGNALING	5724
REACTOME_INTERFERON_SIGNALING	5770
REACTOME_INTERFERON_SIGNALING	5781
REACTOME_INTERFERON_SIGNALING	5771
REACTOME_INTERFERON_SIGNALING	5777
REACTOME_INTERFERON_SIGNALING	8480
REACTOME_INTERFERON_SIGNALING	5903
REACTOME_INTERFERON_SIGNALING	6041
REACTOME_INTERFERON_SIGNALING	6233
REACTOME_INTERFERON_SIGNALING	91543
REACTOME_INTERFERON_SIGNALING	25939
REACTOME_INTERFERON_SIGNALING	6396
REACTOME_INTERFERON_SIGNALING	81929
REACTOME_INTERFERON_SIGNALING	8651
REACTOME_INTERFERON_SIGNALING	9021
REACTOME_INTERFERON_SIGNALING	6672
REACTOME_INTERFERON_SIGNALING	6772
REACTOME_INTERFERON_SIGNALING	6773
REACTOME_INTERFERON_SIGNALING	7341
REACTOME_INTERFERON_SIGNALING	7175
REACTOME_INTERFERON_SIGNALING	10107
REACTOME_INTERFERON_SIGNALING	10107
REACTOME_INTERFERON_SIGNALING	10107
REACTOME_INTERFERON_SIGNALING	10107
REACTOME_INTERFERON_SIGNALING	10107
REACTOME_INTERFERON_SIGNALING	10107
REACTOME_INTERFERON_SIGNALING	10107
REACTOME_INTERFERON_SIGNALING	10107
REACTOME_INTERFERON_SIGNALING	9830
REACTOME_INTERFERON_SIGNALING	51127
REACTOME_INTERFERON_SIGNALING	51127
REACTOME_INTERFERON_SIGNALING	23321
REACTOME_INTERFERON_SIGNALING	6737
REACTOME_INTERFERON_SIGNALING	10346
REACTOME_INTERFERON_SIGNALING	7706
REACTOME_INTERFERON_SIGNALING	7726
REACTOME_INTERFERON_SIGNALING	7726
REACTOME_INTERFERON_SIGNALING	7726
REACTOME_INTERFERON_SIGNALING	7726
REACTOME_INTERFERON_SIGNALING	7726
REACTOME_INTERFERON_SIGNALING	7726
REACTOME_INTERFERON_SIGNALING	7726
REACTOME_INTERFERON_SIGNALING	7726
REACTOME_INTERFERON_SIGNALING	23650
REACTOME_INTERFERON_SIGNALING	10612
REACTOME_INTERFERON_SIGNALING	11074
REACTOME_INTERFERON_SIGNALING	11074
REACTOME_INTERFERON_SIGNALING	11074
REACTOME_INTERFERON_SIGNALING	11074
REACTOME_INTERFERON_SIGNALING	11074
REACTOME_INTERFERON_SIGNALING	11074
REACTOME_INTERFERON_SIGNALING	53840
REACTOME_INTERFERON_SIGNALING	23087
REACTOME_INTERFERON_SIGNALING	10475
REACTOME_INTERFERON_SIGNALING	80263
REACTOME_INTERFERON_SIGNALING	80128
REACTOME_INTERFERON_SIGNALING	79097
REACTOME_INTERFERON_SIGNALING	85363
REACTOME_INTERFERON_SIGNALING	117854
REACTOME_INTERFERON_SIGNALING	55223
REACTOME_INTERFERON_SIGNALING	55128
REACTOME_INTERFERON_SIGNALING	81603
REACTOME_INTERFERON_SIGNALING	7297
REACTOME_INTERFERON_SIGNALING	7311
REACTOME_INTERFERON_SIGNALING	7318
REACTOME_INTERFERON_SIGNALING	7314
REACTOME_INTERFERON_SIGNALING	7316
REACTOME_INTERFERON_SIGNALING	7324
REACTOME_INTERFERON_SIGNALING	9246
REACTOME_INTERFERON_SIGNALING	7334
REACTOME_INTERFERON_SIGNALING	11274
REACTOME_INTERFERON_SIGNALING	373856
REACTOME_INTERFERON_SIGNALING	7412
REACTOME_INTERFERON_SIGNALING	54739
REACTOME_INTERLEUKIN_1_SIGNALING	177
REACTOME_INTERLEUKIN_1_SIGNALING	177
REACTOME_INTERLEUKIN_1_SIGNALING	177
REACTOME_INTERLEUKIN_1_SIGNALING	177
REACTOME_INTERLEUKIN_1_SIGNALING	177
REACTOME_INTERLEUKIN_1_SIGNALING	177
REACTOME_INTERLEUKIN_1_SIGNALING	177
REACTOME_INTERLEUKIN_1_SIGNALING	351
REACTOME_INTERLEUKIN_1_SIGNALING	8945
REACTOME_INTERLEUKIN_1_SIGNALING	1147
REACTOME_INTERLEUKIN_1_SIGNALING	8454
REACTOME_INTERLEUKIN_1_SIGNALING	23291
REACTOME_INTERLEUKIN_1_SIGNALING	3146
REACTOME_INTERLEUKIN_1_SIGNALING	3551
REACTOME_INTERLEUKIN_1_SIGNALING	8517
REACTOME_INTERLEUKIN_1_SIGNALING	3552
REACTOME_INTERLEUKIN_1_SIGNALING	3553
REACTOME_INTERLEUKIN_1_SIGNALING	3554
REACTOME_INTERLEUKIN_1_SIGNALING	7850
REACTOME_INTERLEUKIN_1_SIGNALING	3556
REACTOME_INTERLEUKIN_1_SIGNALING	3557
REACTOME_INTERLEUKIN_1_SIGNALING	3654
REACTOME_INTERLEUKIN_1_SIGNALING	3656
REACTOME_INTERLEUKIN_1_SIGNALING	11213
REACTOME_INTERLEUKIN_1_SIGNALING	51135
REACTOME_INTERLEUKIN_1_SIGNALING	5604
REACTOME_INTERLEUKIN_1_SIGNALING	6416
REACTOME_INTERLEUKIN_1_SIGNALING	5608
REACTOME_INTERLEUKIN_1_SIGNALING	4215
REACTOME_INTERLEUKIN_1_SIGNALING	6885
REACTOME_INTERLEUKIN_1_SIGNALING	1326
REACTOME_INTERLEUKIN_1_SIGNALING	4615
REACTOME_INTERLEUKIN_1_SIGNALING	4790
REACTOME_INTERLEUKIN_1_SIGNALING	4791
REACTOME_INTERLEUKIN_1_SIGNALING	4792
REACTOME_INTERLEUKIN_1_SIGNALING	4793
REACTOME_INTERLEUKIN_1_SIGNALING	4793
REACTOME_INTERLEUKIN_1_SIGNALING	28512
REACTOME_INTERLEUKIN_1_SIGNALING	28511
REACTOME_INTERLEUKIN_1_SIGNALING	10392
REACTOME_INTERLEUKIN_1_SIGNALING	64127
REACTOME_INTERLEUKIN_1_SIGNALING	57162
REACTOME_INTERLEUKIN_1_SIGNALING	57161
REACTOME_INTERLEUKIN_1_SIGNALING	246330
REACTOME_INTERLEUKIN_1_SIGNALING	5682
REACTOME_INTERLEUKIN_1_SIGNALING	5683
REACTOME_INTERLEUKIN_1_SIGNALING	5684
REACTOME_INTERLEUKIN_1_SIGNALING	5685
REACTOME_INTERLEUKIN_1_SIGNALING	5686
REACTOME_INTERLEUKIN_1_SIGNALING	5687
REACTOME_INTERLEUKIN_1_SIGNALING	5688
REACTOME_INTERLEUKIN_1_SIGNALING	143471
REACTOME_INTERLEUKIN_1_SIGNALING	5689
REACTOME_INTERLEUKIN_1_SIGNALING	5699
REACTOME_INTERLEUKIN_1_SIGNALING	122706
REACTOME_INTERLEUKIN_1_SIGNALING	5690
REACTOME_INTERLEUKIN_1_SIGNALING	5691
REACTOME_INTERLEUKIN_1_SIGNALING	5691
REACTOME_INTERLEUKIN_1_SIGNALING	5692
REACTOME_INTERLEUKIN_1_SIGNALING	5693
REACTOME_INTERLEUKIN_1_SIGNALING	5694
REACTOME_INTERLEUKIN_1_SIGNALING	5695
REACTOME_INTERLEUKIN_1_SIGNALING	5696
REACTOME_INTERLEUKIN_1_SIGNALING	5696
REACTOME_INTERLEUKIN_1_SIGNALING	5696
REACTOME_INTERLEUKIN_1_SIGNALING	5696
REACTOME_INTERLEUKIN_1_SIGNALING	5696
REACTOME_INTERLEUKIN_1_SIGNALING	5696
REACTOME_INTERLEUKIN_1_SIGNALING	5696
REACTOME_INTERLEUKIN_1_SIGNALING	5696
REACTOME_INTERLEUKIN_1_SIGNALING	5698
REACTOME_INTERLEUKIN_1_SIGNALING	5698
REACTOME_INTERLEUKIN_1_SIGNALING	5698
REACTOME_INTERLEUKIN_1_SIGNALING	5698
REACTOME_INTERLEUKIN_1_SIGNALING	5698
REACTOME_INTERLEUKIN_1_SIGNALING	5698
REACTOME_INTERLEUKIN_1_SIGNALING	5698
REACTOME_INTERLEUKIN_1_SIGNALING	5698
REACTOME_INTERLEUKIN_1_SIGNALING	5700
REACTOME_INTERLEUKIN_1_SIGNALING	5701
REACTOME_INTERLEUKIN_1_SIGNALING	5702
REACTOME_INTERLEUKIN_1_SIGNALING	5704
REACTOME_INTERLEUKIN_1_SIGNALING	5704
REACTOME_INTERLEUKIN_1_SIGNALING	5705
REACTOME_INTERLEUKIN_1_SIGNALING	5706
REACTOME_INTERLEUKIN_1_SIGNALING	5707
REACTOME_INTERLEUKIN_1_SIGNALING	5716
REACTOME_INTERLEUKIN_1_SIGNALING	5717
REACTOME_INTERLEUKIN_1_SIGNALING	5718
REACTOME_INTERLEUKIN_1_SIGNALING	5719
REACTOME_INTERLEUKIN_1_SIGNALING	10213
REACTOME_INTERLEUKIN_1_SIGNALING	5708
REACTOME_INTERLEUKIN_1_SIGNALING	5709
REACTOME_INTERLEUKIN_1_SIGNALING	5710
REACTOME_INTERLEUKIN_1_SIGNALING	5711
REACTOME_INTERLEUKIN_1_SIGNALING	9861
REACTOME_INTERLEUKIN_1_SIGNALING	5713
REACTOME_INTERLEUKIN_1_SIGNALING	5714
REACTOME_INTERLEUKIN_1_SIGNALING	5715
REACTOME_INTERLEUKIN_1_SIGNALING	5720
REACTOME_INTERLEUKIN_1_SIGNALING	5720
REACTOME_INTERLEUKIN_1_SIGNALING	5721
REACTOME_INTERLEUKIN_1_SIGNALING	5721
REACTOME_INTERLEUKIN_1_SIGNALING	10197
REACTOME_INTERLEUKIN_1_SIGNALING	23198
REACTOME_INTERLEUKIN_1_SIGNALING	9491
REACTOME_INTERLEUKIN_1_SIGNALING	9978
REACTOME_INTERLEUKIN_1_SIGNALING	5970
REACTOME_INTERLEUKIN_1_SIGNALING	8767
REACTOME_INTERLEUKIN_1_SIGNALING	6233
REACTOME_INTERLEUKIN_1_SIGNALING	6283
REACTOME_INTERLEUKIN_1_SIGNALING	6285
REACTOME_INTERLEUKIN_1_SIGNALING	6288
REACTOME_INTERLEUKIN_1_SIGNALING	7979
REACTOME_INTERLEUKIN_1_SIGNALING	6500
REACTOME_INTERLEUKIN_1_SIGNALING	8878
REACTOME_INTERLEUKIN_1_SIGNALING	8878
REACTOME_INTERLEUKIN_1_SIGNALING	10454
REACTOME_INTERLEUKIN_1_SIGNALING	23118
REACTOME_INTERLEUKIN_1_SIGNALING	257397
REACTOME_INTERLEUKIN_1_SIGNALING	79155
REACTOME_INTERLEUKIN_1_SIGNALING	54472
REACTOME_INTERLEUKIN_1_SIGNALING	7189
REACTOME_INTERLEUKIN_1_SIGNALING	7311
REACTOME_INTERLEUKIN_1_SIGNALING	7314
REACTOME_INTERLEUKIN_1_SIGNALING	7316
REACTOME_INTERLEUKIN_1_SIGNALING	7334
REACTOME_INTERLEUKIN_1_SIGNALING	7335
REACTOME_TNF_SIGNALING	6868
REACTOME_TNF_SIGNALING	9530
REACTOME_TNF_SIGNALING	329
REACTOME_TNF_SIGNALING	330
REACTOME_TNF_SIGNALING	841
REACTOME_TNF_SIGNALING	8837
REACTOME_TNF_SIGNALING	1147
REACTOME_TNF_SIGNALING	25999
REACTOME_TNF_SIGNALING	1540
REACTOME_TNF_SIGNALING	8772
REACTOME_TNF_SIGNALING	3551
REACTOME_TNF_SIGNALING	8517
REACTOME_TNF_SIGNALING	8567
REACTOME_TNF_SIGNALING	6885
REACTOME_TNF_SIGNALING	8439
REACTOME_TNF_SIGNALING	56957
REACTOME_TNF_SIGNALING	90268
REACTOME_TNF_SIGNALING	10399
REACTOME_TNF_SIGNALING	10616
REACTOME_TNF_SIGNALING	8737
REACTOME_TNF_SIGNALING	55072
REACTOME_TNF_SIGNALING	55072
REACTOME_TNF_SIGNALING	6233
REACTOME_TNF_SIGNALING	81858
REACTOME_TNF_SIGNALING	6610
REACTOME_TNF_SIGNALING	55512
REACTOME_TNF_SIGNALING	84888
REACTOME_TNF_SIGNALING	56928
REACTOME_TNF_SIGNALING	10454
REACTOME_TNF_SIGNALING	23118
REACTOME_TNF_SIGNALING	257397
REACTOME_TNF_SIGNALING	8887
REACTOME_TNF_SIGNALING	7124
REACTOME_TNF_SIGNALING	7124
REACTOME_TNF_SIGNALING	7124
REACTOME_TNF_SIGNALING	7124
REACTOME_TNF_SIGNALING	7124
REACTOME_TNF_SIGNALING	7124
REACTOME_TNF_SIGNALING	7124
REACTOME_TNF_SIGNALING	7128
REACTOME_TNF_SIGNALING	7132
REACTOME_TNF_SIGNALING	8717
REACTOME_TNF_SIGNALING	7185
REACTOME_TNF_SIGNALING	7186
REACTOME_TNF_SIGNALING	7311
REACTOME_TNF_SIGNALING	7314
REACTOME_TNF_SIGNALING	7316
REACTOME_TNF_SIGNALING	9099
REACTOME_TNF_SIGNALING	27005
REACTOME_TNF_SIGNALING	7375
REACTOME_TNF_SIGNALING	331
